base_shared_goal,social_goal_category,explanation,first_agent_goal,second_agent_goal,shared_goal,agent1_role,agent2_role
"{'Abbreviation': 'Novel ideas', 'Full label': '""Having original , novel ideas""'}",Cooperation,"The shared goal 'Having original, novel ideas' aligns well with the social goal category 'Cooperation' because generating new ideas often requires collaborative effort and mutual support. Each agent will have a distinct personal goal that reflects their unique perspective while contributing to the shared goal. The social roles assigned to each agent will shape their interaction styles.",To brainstorm and contribute unconventional ideas that challenge the status quo.,"To synthesize and refine ideas proposed by the other agent, ensuring they are practical and actionable.","""Having original , novel ideas""",Idea Generator,Idea Refiner
"{'Abbreviation': 'Stability', 'Full label': '""Having stability in life , avoiding change , adhering to my ways and life style""'}",Relationship Maintenance,"The shared goal emphasizes stability and resistance to change, which aligns well with Relationship Maintenance as the social goal category. This category focuses on preserving and reinforcing existing relationships and social structures, which complements the desire for stability. The first agent's personal goal is to reinforce their established routines, reflecting a need for predictability. The second agent's personal goal is to ensure their lifestyle remains unchallenged, showing a defensive stance against disruptions. The roles of 'Traditionalist' and 'Guardian' further emphasize their commitment to maintaining the status quo.",Reinforce my established routines to feel secure and predictable.,Ensure my lifestyle remains unchallenged by external influences.,"""Having stability in life , avoiding change , adhering to my ways and life style""",Traditionalist,Guardian
"{'Abbreviation': 'Being likeable', 'Full label': '""Being likeable , making friends , drawing others near""'}",Relationship Building,"Given the shared goal of 'Being likeable, making friends, drawing others near,' the most fitting social goal category is 'Relationship Building.' This category directly aligns with the aims of forming new connections and fostering mutual likability. Each agent will have distinct personal goals that support this shared objective while reflecting individual perspectives and motivations. Their social roles will further shape how they interact to achieve both their personal and shared goals.",To appear approachable and trustworthy by actively listening and showing genuine interest in the other person's hobbies and experiences.,To establish a sense of camaraderie by sharing relatable personal stories and finding common interests.,"""Being likeable , making friends , drawing others near""",The Listener,The Connector
"{'Abbreviation': 'Freedom of choice', 'Full label': '""Having freedom of choice""'}",Conflict Resolution,"The shared goal 'Having freedom of choice' aligns well with the social goal category 'Conflict Resolution' because it often involves negotiating differences in preferences or perspectives to maintain autonomy. The first agent's personal goal is to ensure their choices are respected, reflecting a need for individual autonomy. The second agent's personal goal is to mediate differing opinions, ensuring collective freedom. The roles are assigned as 'Autonomy Advocate' for the first agent and 'Mediator' for the second agent to reflect their respective goals and interactions.",Ensure my choices are respected without undue influence,Mediate differing opinions to ensure collective freedom of choice,"""Having freedom of choice""",Autonomy Advocate,Mediator
"{'Abbreviation': 'Helping others', 'Full label': '""Helping others , cooperating , giving support""'}",Cooperation,"Given the shared goal of 'Helping others, cooperating, giving support', the most fitting social goal category is 'Cooperation', as it directly aligns with the objectives of working together harmoniously towards a common purpose. Each agent's personal goal should reflect their unique motivation within this cooperative framework. Their social roles should influence how they interact to achieve both shared and personal goals.",To ensure that the support provided is effective and meets the immediate needs of those being helped.,To foster long-term relationships and trust through consistent and reliable support.,"""Helping others , cooperating , giving support""",Support Facilitator,Relationship Builder
"{'Abbreviation': 'Avoiding guilt', 'Full label': '""Avoiding feelings of guilt""'}",Relationship Maintenance,"The shared goal 'Avoiding feelings of guilt' is best aligned with 'Relationship Maintenance' because it involves managing interpersonal dynamics to prevent emotional distress. Each agent will have distinct personal goals that reflect their motivation to avoid guilt while maintaining their relationship. The social roles assigned (e.g., 'Supporter' and 'Confessor') shape how they interact to achieve these goals.",Minimize personal responsibility in the situation to avoid guilt.,Seek reassurance from the other agent that their actions were justified to avoid guilt.,"""Avoiding feelings of guilt""",Supporter,Confessor
"{'Abbreviation': 'Mature romantic', 'Full label': '""Having a mature romantic relationship""'}",Relationship Maintenance,"Given the shared goal of 'Having a mature romantic relationship,' the most relevant social goal category is 'Relationship Maintenance.' This category focuses on sustaining and nurturing existing relationships, which is essential for maintaining a mature romantic partnership. Each agent has distinct personal goals that reflect their unique perspectives and motivations within this context. Their social roles further shape their interactions towards achieving both their personal and shared goals.",Ensuring emotional support and understanding in the relationship to foster long-term stability.,Maintaining personal independence while being committed to the relationship to avoid feeling overwhelmed.,"""Having a mature romantic relationship""",Emotional Caregiver,Independent Partner
"{'Abbreviation': 'Entertaining others', 'Full label': '""Amusing , entertaining others""'}",Relationship Building,"Given the shared goal of 'amusing, entertaining others,' the most relevant social goal category is 'Relationship Building,' as entertaining others often serves to strengthen social bonds and create connections. The personal goals for each agent should reflect their unique motivations in pursuing this shared goal, while their social roles will shape how they interact to achieve both their personal and shared objectives.","To be recognized as the funniest person in the group, gaining social approval and status.",To create a relaxed and joyful atmosphere where everyone feels included and happy.,"""Amusing , entertaining others""",Class Clown (focuses on humor and attention-seeking),Social Facilitator (focuses on inclusivity and group harmony)
"{'Abbreviation': 'Well-being', 'Full label': '""Protecting my well-being , avoiding pain""'}",Cooperation,"The shared goal 'Protecting my well-being, avoiding pain' can be approached with a focus on cooperation, as both agents aim to support each other in maintaining their well-being. This involves mutual support and shared strategies to avoid distress. However, their personal goals will reflect individual perspectives on how to achieve this. For instance, one agent might focus on avoiding pain through careful planning, while another might rely on emotional support. Their social roles will influence how they interact; one might take a protective role, ensuring the other's safety, while the other might adopt a nurturing role, providing comfort and reassurance.","Ensure structured strategies are in place to minimize pain triggers, focusing on practicality and planning.","Seek emotional reassurance and social support to cope with potential distress, prioritizing relational comfort.","""Protecting my well-being , avoiding pain""",Protector (focuses on practical safety measures),Nurturer (provides emotional support and comfort)
"{'Abbreviation': 'Being playful', 'Full label': '""Being playful , cheerful , acting for fun""'}",Relationship Building,"Given the shared goal of 'Being playful, cheerful, acting for fun', the most fitting social goal category is 'Relationship Building' as it involves creating a positive and enjoyable interaction between the agents. The personal goals for each agent should reflect playful motivations that contribute to their relationship. Agent 1, as the 'Entertainer', aims to make the interaction fun and engaging, while Agent 2, as the 'Audience', seeks to enjoy and participate in the playful atmosphere.",To create a fun and engaging atmosphere by initiating playful activities.,To enjoy and actively participate in the playful interaction initiated by the other agent.,"""Being playful , cheerful , acting for fun""",Entertainer,Audience
"{'Abbreviation': 'Good marriage', 'Full label': '""Having a good marriage""'}",Relationship Maintenance,"Given the shared goal of 'Having a good marriage,' the social goal category of 'Relationship Maintenance' is most relevant, as it focuses on sustaining and nurturing interpersonal relationships. The personal goals for each agent should reflect their individual perspectives and motivations that contribute to this shared goal. The social roles assigned will shape their interaction styles.",To express appreciation and emotional support to strengthen the marital bond.,To actively listen and respond empathetically to foster mutual understanding and trust.,"""Having a good marriage""",Emotional Supporter,Active Listener
"{'Abbreviation': 'Being good looking', 'Full label': '""Being good looking""'}",Relationship Building,"The shared goal 'Being good looking' involves personal and social aspects of appearance and perception. Given that, the social goal category 'Relationship Building' is chosen because it involves forming connections based on mutual interests or goals related to appearance. Each agent will have distinct personal goals reflecting their motivation within this context. The roles assigned will shape their interaction styles.",To gain social validation and admiration by improving their appearance and discussing beauty tips with others.,To establish a trustworthy connection by offering sincere advice on appearance and fostering mutual respect.,"""Being good looking""",Seeker of Social Validation,Supportive Advisor
"{'Abbreviation': 'Being innovative', 'Full label': '""Changing my ways , being innovative in the way I live my life""'}",Relationship Building,"Given the shared goal of 'Changing my ways, being innovative in the way I live my life,' the social goal category 'Relationship Building' was chosen. This category is appropriate as it involves fostering new connections or deepening existing ones, which can be instrumental in supporting personal change and innovation. The personal goals for the agents are designed to reflect their unique motivations within this context, with one agent seeking guidance and mentorship, and the other focusing on inspiring and supporting change in others. Their social roles—'Seeker of Change' and 'Innovation Mentor'—complement these goals and the shared objective.",To find a mentor who can provide guidance and support in adopting innovative habits and perspectives.,To inspire and assist someone in making significant lifestyle changes by sharing knowledge and experiences.,"""Changing my ways , being innovative in the way I live my life""",Seeker of Change,Innovation Mentor
"{'Abbreviation': 'Good parent', 'Full label': '""Being a good parent (teaching , providing , transmitting values)""'}",Relationship Building,"The shared goal 'Being a good parent' involves teaching, providing, and transmitting values, which naturally aligns with the social goal category 'Relationship Building' as it focuses on fostering strong family bonds. Additionally, 'Information Provision' is chosen as parents often need to share knowledge and guidance. The first agent's personal goal is to ensure their child learns moral values, while the second agent's goal is to ensure their child acquires practical skills. The roles of 'Moral Guide' and 'Practical Mentor' reflect these goals.",Ensure the child learns and internalizes moral values.,Ensure the child acquires practical life skills.,"""Being a good parent (teaching , providing , transmitting values)""",Moral Guide,Practical Mentor
"{'Abbreviation': 'Education', 'Full label': '""Getting an education""'}",Information Acquisition,"The shared goal 'Getting an education' can be approached from multiple angles, but the social goal category 'Information Acquisition' is particularly relevant as it focuses on the desire to gain knowledge, which is central to education. For the first agent, a personal goal could be to 'Excel academically to secure future opportunities,' reflecting a motivation driven by ambition and future prospects. The second agent's personal goal could be 'Understand the material deeply to apply it practically,' emphasizing a more intrinsic motivation to learn. The roles assigned to the agents are 'Student' and 'Teacher,' respectively, as these roles naturally interact in an educational setting, with the student seeking to acquire information and the teacher providing guidance and knowledge.",Excel academically to secure future opportunities,Understand the material deeply to apply it practically,"""Getting an education""",Student,Teacher
"{'Abbreviation': 'Being passionate', 'Full label': '""Being really passionate about something""'}",Relationship Building,We chose 'Relationship Building' as the social goal category because 'Being really passionate about something' often involves forming connections with others who share similar interests or who can appreciate one's enthusiasm. This naturally lends itself to personal goals that reflect agents seeking to understand each other's passions or express their own in a way that fosters a mutual connection.,"To express their passion in a way that inspires the other agent to share their own interests, fostering mutual enthusiasm and connection.","To actively listen and engage with the first agent's passion, demonstrating genuine interest with the aim of deepening their interpersonal relationship.","""Being really passionate about something""",Enthusiast,Supporter
"{'Abbreviation': 'Being conventional', 'Full label': '""Maintaining conventional views , avoiding innovation""'}",Relationship Maintenance,"The chosen social goal category is 'Relationship Maintenance' because maintaining conventional views and avoiding innovation often involves reinforcing existing relationships and social norms. The agents' personal goals should reflect their motivations to uphold these conventional views while maintaining their relationships. The social roles assigned to each agent will shape how they interact, with one taking a more authoritative role to enforce norms and the other taking a supportive role to align with these norms.","To reinforce traditional norms and ensure others adhere to them, thereby maintaining social harmony.",To align with conventional views to avoid social exclusion and maintain positive relationships within the community.,"""Maintaining conventional views , avoiding innovation""",Authoritarian Enforcer,Conformist Supporter
"{'Abbreviation': 'Religious faith', 'Full label': '""Maintaining religious faith""'}",Relationship Maintenance,"We chose 'Relationship Maintenance' as the social goal category because maintaining religious faith often involves ongoing support and reinforcement within a community. This aligns with the need to sustain meaningful connections that encourage shared beliefs. Each agent's personal goal reflects their unique approach to this shared goal—one seeks validation and mutual encouragement, while the other aims to provide guidance and strengthen communal ties. Their social roles (a peer seeking support and a spiritual advisor offering it) create a dynamic where both perspectives contribute to the overarching goal.",To seek reassurance and shared experiences that reinforce their religious beliefs through emotional connection with others.,To provide structured guidance and foster a sense of communal resilience in upholding religious faith.,"""Maintaining religious faith""",Community Member (Peer),Spiritual Advisor
"{'Abbreviation': 'Fashion', 'Full label': '""Keeping up with fashion""'}",Relationship Maintenance,"Given the shared goal 'Keeping up with fashion,' we choose 'Relationship Maintenance' as the social goal category because fashion often serves as a means to sustain and nurture social connections. The first agent's personal goal is to 'Be recognized as a trendsetter among peers,' reflecting their desire for identity recognition within the group. The second agent's personal goal is to 'Maintain harmony by adopting group-approved fashion trends,' showing their focus on group cohesion. The first agent is assigned the social role of 'Fashion Influencer,' someone who leads and sets trends, while the second agent takes the role of 'Group Follower,' someone who prefers to align with the group's fashion choices.",Be recognized as a trendsetter among peers,Maintain harmony by adopting group-approved fashion trends,"""Keeping up with fashion""",Fashion Influencer,Group Follower
"{'Abbreviation': 'Physical ability', 'Full label': '""Having physical ability , agility""'}",Cooperation,"Given the shared goal of 'Having physical ability, agility', the most relevant social goal categories are 'Cooperation' and 'Competition'. Cooperation is chosen here because improving physical ability and agility often involves teamwork, mutual support, and shared efforts, which aligns well with the essence of cooperation. The agents will have personal goals that reflect their individual motivations within this cooperative framework, and their social roles will shape how they interact to achieve both their personal and shared goals.",To improve personal agility through shared exercises and mutual feedback.,To motivate and challenge the other agent to achieve higher levels of physical ability.,"""Having physical ability , agility""",Trainee,Motivator
"{'Abbreviation': 'Persuading others', 'Full label': '""Influencing , persuading others""'}",Relationship Building,"We selected the social goal category 'Relationship Building' for the shared goal 'Influencing, persuading others' because influencing and persuading often rely on establishing trust and rapport, which are key aspects of relationship building. Each agent will have distinct personal goals that reflect their individual motivations within this context, and their social roles will shape how they interact to achieve both their personal and shared goals.",To persuade the other agent to adopt their viewpoint by building trust and demonstrating expertise.,"To resist persuasion while maintaining a positive relationship, ensuring their own viewpoint is heard and considered.","""Influencing , persuading others""",Persuader (Expert),Skeptic (Critical Thinker)
"{'Abbreviation': 'Control over others', 'Full label': '""Having control over others""'}",Competition,"Given the shared goal of 'Having control over others,' the most relevant social goal category is 'Competition,' as both agents are likely to compete for dominance and control in their interaction. Each agent's personal goal should reflect their desire to assert control, but from different perspectives and motivations. The social roles assigned to each agent will further shape how they interact, with one taking on a more authoritative role and the other a more manipulative role.",To establish undeniable authority over the other agent by demonstrating superior knowledge and decision-making skills.,To subtly manipulate the other agent into relinquishing control through persuasive tactics and emotional appeals.,"""Having control over others""",Authority Figure,Manipulative Strategist
"{'Abbreviation': 'Self-esteem', 'Full label': '""Having high self-image , self-esteem , self-respect , feeling good about myself""'}",Identity Recognition,"The shared goal revolves around maintaining a positive self-image and self-esteem, which aligns closely with social interactions that affirm one's identity and relationships. 'Identity Recognition' is the most fitting social goal category as it involves interactions where individuals seek acknowledgment and validation of their personal qualities and achievements from others.",To receive validation from the other agent regarding personal accomplishments and qualities to reinforce self-esteem.,"To express admiration and support for the first agent's qualities and achievements, thereby strengthening their relationship.","""Having high self-image , self-esteem , self-respect , feeling good about myself""",Confident Individual,Supportive Friend
"{'Abbreviation': 'Mentor', 'Full label': '""Having a mentor , someone to guide me""'}",Relationship Building,"The shared goal 'Having a mentor, someone to guide me' naturally fits the social goal category of 'Relationship Building'. This is because mentoring involves forming and nurturing a relationship between the mentor and the mentee. The mentor's role is to provide guidance, while the mentee's role is to seek advice and learn. Their personal goals should reflect their motivations within this dynamic.",To establish trust and credibility as a mentor by providing valuable guidance and tailored advice.,To engage actively with the mentor by asking relevant questions and applying learned insights to personal challenges.,"""Having a mentor , someone to guide me""",Mentor,Mentee
"{'Abbreviation': 'Life’s limitations', 'Full label': '""Accepting life’s limitations""'}",Conflict Resolution,"The shared goal 'Accepting life’s limitations' involves coping with personal and interpersonal challenges, making 'Conflict Resolution' the most relevant social goal category. This category allows for personal goals that reflect differing perspectives on limitations and how to accept them. The first agent's personal goal is focused on emotional acceptance, while the second agent's goal is practical adaptation. Their social roles—'Emotional Supporter' and 'Practical Advisor'—complement each other in addressing the shared goal.",To emotionally accept personal limitations without resentment,To identify practical ways to adapt to life’s limitations,"""Accepting life’s limitations""",Emotional Supporter,Practical Advisor
"{'Abbreviation': 'Knowing myself', 'Full label': '""Knowing myself , being in touch with myself""'}",Identity Recognition,"Given the shared goal 'Knowing myself, being in touch with myself,' the most relevant social goal category is 'Identity Recognition,' as it involves understanding and affirming one's own identity and role in social contexts. The two agents will have complementary roles and personal goals that reflect their unique perspectives on self-awareness and identity.",To explore and articulate personal values and beliefs in order to better understand oneself.,To provide reflections and feedback that help the other agent gain clarity about their identity.,"""Knowing myself , being in touch with myself""",Self-Explorer,Reflective Listener
"{'Abbreviation': 'Being respected', 'Full label': '""Being respected by others""'}",Identity Recognition,"The shared goal 'Being respected by others' can be approached through various social goal categories. Here, we choose 'Identity Recognition' as the social goal category because respect is often tied to how individuals perceive and acknowledge each other's identities and roles. For the first agent, we define a personal goal of 'Being acknowledged as an authority in their field', which reflects their motivation to gain respect through expertise. The second agent's personal goal is 'Being valued for their contributions to the team', which focuses on gaining respect through teamwork and reliability. The roles assigned are 'Expert' for the first agent, who will interact by showcasing their knowledge, and 'Team Player' for the second agent, who will interact by demonstrating collaboration and support.",Being acknowledged as an authority in their field,Being valued for their contributions to the team,"""Being respected by others""",Expert,Team Player
"{'Abbreviation': 'Pleasing God', 'Full label': '""Pleasing God""'}",Relationship Building,"Given the shared goal 'Pleasing God', the social goal category 'Relationship Building' is chosen as it emphasizes fostering a connection with the divine, which aligns with religious or spiritual contexts. The personal goals for each agent reflect their unique motivations within this context, and their social roles shape their interactions.",To deepen their personal connection with God through prayer and devotion.,To inspire others to strengthen their faith and commitment to God.,"""Pleasing God""",Devotee,Preacher
"{'Abbreviation': 'Standing up for beliefs', 'Full label': '""Standing up for my beliefs""'}",Conflict Resolution,"The shared goal 'Standing up for my beliefs' suggests that the agents are engaging in a situation where their personal convictions are at stake. This scenario naturally aligns with the 'Conflict Resolution' social goal category, as differing beliefs can lead to conflict, and the agents may aim to resolve or manage this conflict through their interaction. Additionally, 'Identity Recognition' is relevant because standing up for one's beliefs often involves asserting one's identity and seeking recognition from others.",To persuade the other agent to acknowledge the validity of their beliefs without compromising their own convictions.,To challenge the first agent's beliefs in a way that prompts reflection while maintaining mutual respect.,"""Standing up for my beliefs""",Advocate,Skeptic
"{'Abbreviation': 'Being carefree', 'Full label': '""Being lighthearted , carefree , enjoying life""'}",Relationship Building,"Given the shared goal of 'Being lighthearted, carefree, enjoying life,' the most fitting social goal category is 'Relationship Building,' as it emphasizes fostering positive social interactions that align with enjoyment and carefree attitudes. Each agent's personal goal should reflect their motivation to contribute to this atmosphere while maintaining their unique perspectives. Their assigned roles will shape how they interact within this context.",To create a fun and engaging atmosphere that encourages laughter and relaxation.,To share personal stories and experiences that highlight joy and carefree moments.,"""Being lighthearted , carefree , enjoying life""",Social Facilitator,Storyteller
"{'Abbreviation': 'Feeling meshed', 'Full label': '""Having emotional intimacy , feeling really meshed with another""'}",Relationship Building,"The shared goal of 'Having emotional intimacy, feeling really meshed with another' aligns most closely with the social goal category of 'Relationship Building'. This category focuses on establishing deeper connections and understanding between individuals, which is essential for emotional intimacy. The personal goals for each agent should reflect their unique motivations and perspectives while contributing to the shared goal. The social roles assigned will shape how each agent interacts to achieve both their personal and shared goals.","To feel understood and validated by the other person, ensuring their emotions and thoughts are acknowledged.",To create a safe and trusting environment where the other person feels comfortable opening up and sharing their inner thoughts.,"""Having emotional intimacy , feeling really meshed with another""",Emotional Seeker,Supportive Listener
"{'Abbreviation': 'Support from others', 'Full label': '""Receiving support from others on projects I believe in""'}",Relationship Building,"The shared goal 'Receiving support from others on projects I believe in' aligns most closely with the social goal category 'Relationship Building' because it involves fostering connections and trust to gain support. The first agent seeks to build trust and demonstrate the value of their project to attract support, while the second agent aims to establish a relationship that allows them to provide meaningful support and feel valued in return. The roles of 'Project Advocate' and 'Supportive Peer' are chosen to reflect their respective motivations and interactions.",Build trust and demonstrate the value of their project to attract support from others.,Establish a relationship that allows them to provide meaningful support and feel valued in return.,"""Receiving support from others on projects I believe in""",Project Advocate,Supportive Peer
"{'Abbreviation': 'Being self-sufficient', 'Full label': '""Being independent , self-reliant , self-sufficient""'}",Cooperation,"The chosen social goal category, 'Cooperation,' aligns with the shared goal of independence and self-reliance because achieving self-sufficiency often requires collaboration and mutual support, even if the ultimate aim is independence. Each agent's personal goal reflects their unique perspective on how to achieve independence: one focuses on acquiring skills to become self-reliant, while the other seeks to share knowledge to help others become self-sufficient. Their social roles (Mentor and Apprentice) shape their interaction dynamics, with one guiding and the other learning, yet both working together toward the shared goal.",To acquire new skills and knowledge that will enable greater self-reliance.,To teach and share expertise with others to foster mutual self-sufficiency.,"""Being independent , self-reliant , self-sufficient""",Apprentice,Mentor
"{'Abbreviation': 'Finding higher meaning', 'Full label': '""Finding higher meaning in life , coherence , harmony , oneness""'}",Relationship Building,"Given the shared goal of 'Finding higher meaning in life, coherence, harmony, oneness', the most relevant social goal category is 'Relationship Building'. This category aligns well with the pursuit of deeper connections and understanding, which are essential for exploring higher meaning and harmony in life.",To inspire and guide the other agent towards a deeper spiritual understanding and personal enlightenment.,To seek and internalize wisdom from the other agent to achieve a sense of inner peace and harmony.,"""Finding higher meaning in life , coherence , harmony , oneness""",Spiritual Mentor,Seeker of Wisdom
"{'Abbreviation': 'Thinking intellectually', 'Full label': '""Being able to think intellectually (handle data , extract ideas , devise hypotheses , analyze , synthesize information)""'}",Cooperation,"Given the shared goal of 'Being able to think intellectually,' the most fitting social goal category is 'Cooperation,' as it involves working together to achieve a common intellectual objective. Each agent will have distinct personal goals that align with their roles and motivations while contributing to the shared goal.","To synthesize complex information and present it in a clear, structured manner to facilitate mutual understanding.",To analyze and critique presented ideas rigorously to ensure their validity and robustness.,"""Being able to think intellectually (handle data , extract ideas , devise hypotheses , analyze , synthesize information)""",Facilitator (focuses on organizing and presenting information for clarity and coherence),Critic (focuses on evaluating ideas and ensuring logical consistency and depth)
"{'Abbreviation': 'Taking risks', 'Full label': '""Not being fearful , being able to take risks""'}",Relationship Building,"The shared goal 'Not being fearful, being able to take risks' involves overcoming fear and embracing risk-taking behavior. This aligns well with the 'Relationship Building' category, as it involves personal growth and support from others to achieve confidence and risk-taking. Each agent will have distinct personal goals that reflect their motivations within this context. Agent 1, acting as a 'Mentor', aims to encourage and validate risk-taking behaviors, while Agent 2, as a 'Seeker', focuses on overcoming fear and gaining confidence in taking risks.",Encourage and validate risk-taking behaviors to boost the other agent's confidence.,Overcome personal fear and gain confidence in taking risks with support from the other agent.,"""Not being fearful , being able to take risks""",Mentor,Seeker
"{'Abbreviation': 'Being recognized', 'Full label': '""Being admired , recognized by others""'}",Identity Recognition,"Given the shared goal of being admired and recognized by others, the most relevant social goal category is 'Identity Recognition', as it directly relates to how individuals seek acknowledgment and validation of their identity from others. Each agent will have distinct personal goals that align with their desire for admiration and recognition, but will approach it from different angles based on their social roles.",To showcase their achievements and unique talents in a way that garners admiration and validation from the other agent.,"To subtly influence the conversation towards highlighting their own unrecognized contributions, seeking acknowledgment from the other agent.","""Being admired , recognized by others""",The Achiever,The Humble Contributor
"{'Abbreviation': 'Content with myself', 'Full label': '""Being happy , content with myself , having inner harmony , freedom from inner conflict""'}",Relationship Building,"The shared goal focuses on achieving personal happiness and inner harmony, which aligns well with the 'Relationship Building' category. This category emphasizes creating and nurturing interpersonal connections that can contribute to personal well-being. The first agent's personal goal is to find emotional support and validation, reflecting their need for reassurance in achieving inner harmony. The second agent's personal goal is to inspire and motivate others, showing their desire to positively influence those around them. Their social roles, 'Seeker of Reassurance' and 'Motivational Guide', respectively, shape their interactions towards achieving these personal and shared goals.",To find emotional support and validation to feel secure in their pursuit of inner harmony.,To inspire and motivate the other agent to help them achieve their own happiness and contentedness.,"""Being happy , content with myself , having inner harmony , freedom from inner conflict""",Seeker of Reassurance,Motivational Guide
"{'Abbreviation': 'Being affectionate', 'Full label': '""Being affectionate toward others""'}",Relationship Building,"The shared goal 'Being affectionate toward others' aligns most closely with 'Relationship Building' and 'Relationship Maintenance' categories, as affection is a key component in forming and sustaining interpersonal relationships. For this task, we will focus on 'Relationship Building' to explore how agents with distinct personal goals and social roles express affection through their interactions.",To express affection in a way that strengthens emotional bonds with the other agent.,To receive and acknowledge affection in a manner that validates the emotional effort of the other agent.,"""Being affectionate toward others""",Affectionate Initiator,Appreciative Recipient
"{'Abbreviation': 'Close spouse', 'Full label': '""Being close to my spouse""'}",Relationship Maintenance,"The shared goal 'Being close to my spouse' inherently involves emotional intimacy and mutual understanding, making 'Relationship Maintenance' the most fitting social goal category. This category focuses on sustaining and nurturing existing relationships, which aligns perfectly with the context of maintaining closeness in a marital relationship. The personal goals for each agent are designed to reflect individual motivations within this shared relationship context, ensuring they are evaluable in a conversation by observing behaviors like attentiveness, emotional support, or engagement in joint activities. The assigned social roles (e.g., 'Emotional Supporter' and 'Activity Planner') further shape how each agent contributes to the relationship dynamics while pursuing their personal goals.",To ensure my spouse feels emotionally supported and valued in our relationship.,To create shared experiences that strengthen our emotional bond and mutual understanding.,"""Being close to my spouse""",Emotional Supporter,Activity Planner
"{'Abbreviation': 'Being responsible', 'Full label': '""Being responsible , dependable""'}",Relationship Maintenance,"Given the shared goal of 'Being responsible, dependable,' we selected the social goal category 'Relationship Maintenance,' as this goal often involves sustaining trust and reliability in interpersonal relationships. Each agent's personal goal reflects their unique motivation while aligning with the shared goal. The social roles assigned to the agents ('Supervisor' and 'Subordinate') create a dynamic where interaction is influenced by hierarchical responsibilities while striving for dependability.",Ensure that tasks are completed reliably to maintain trust in the relationship.,Demonstrate consistent dependability to uphold their reputation in the relationship.,"""Being responsible , dependable""",Supervisor,Subordinate
"{'Abbreviation': 'Looking young', 'Full label': '""Looking young""'}",Competition,"The shared goal 'Looking young' can be approached from various angles. Given the social goal categories, 'Competition' was chosen because maintaining a youthful appearance can often involve comparing oneself to others, leading to competitive behaviors. The first agent aims to look younger than others, reflecting a competitive mindset, while the second agent seeks genuine admiration without comparison, subtly shifting the focus from competition to personal satisfaction.",To look younger than others in the social group,To receive genuine compliments on their youthful appearance without comparing themselves to others,"""Looking young""",Competitive Peer,Confident Individual
"{'Abbreviation': 'Own guidelines', 'Full label': '""Setting and following my own guidelines""'}",Identity Recognition,"Given the shared goal 'Setting and following my own guidelines', the most relevant social goal categories are 'Identity Recognition' and 'Cooperation'. Identity Recognition focuses on understanding and asserting one's own identity and guidelines, while Cooperation emphasizes working together to achieve these personal guidelines. For this task, we choose 'Identity Recognition' as it directly aligns with the idea of setting personal guidelines and asserting them in a social context.",To assert and establish my personal guidelines as valid and respected.,To support and acknowledge the first agent's personal guidelines while subtly integrating my own.,"""Setting and following my own guidelines""",Self-Asserter (someone who actively sets and defends their own guidelines),Supporter (someone who validates and integrates guidelines from others)
"{'Abbreviation': 'Erotic relationship', 'Full label': '""Having an erotic relationship""'}",Relationship Building,"The shared goal 'Having an erotic relationship' naturally aligns with the social goal category 'Relationship Building', as it involves establishing a deep and intimate connection between individuals. The personal goals for each agent should reflect their unique motivations and perspectives within this context, while their social roles will shape how they interact to achieve both personal and shared goals.","To establish a deep emotional and physical connection with the partner, ensuring mutual satisfaction and trust.",To explore and enjoy the erotic relationship while maintaining personal boundaries and independence.,"""Having an erotic relationship""",Romantic Partner,Independent Lover
"{'Abbreviation': 'Others to rely', 'Full label': '""Having others to rely on""'}",Relationship Building,"The shared goal 'Having others to rely on' is best aligned with the social goal categories of 'Relationship Building' and 'Relationship Maintenance'. These categories focus on establishing and sustaining trust and reliance between individuals. For this task, we will focus on 'Relationship Building' as it emphasizes the foundational aspect of creating reliable connections.",To establish a trustworthy connection with the other agent by demonstrating reliability and empathy.,To build a dependable relationship with the first agent by actively listening and offering support.,"""Having others to rely on""",Support Seeker,Support Provider
"{'Abbreviation': 'Mechanical ability', 'Full label': '""Having mechanical ability""'}",Cooperation,"To explore how personality traits influence behavior in the context of 'Having mechanical ability', we selected the social goal category 'Cooperation'. This category is fitting because mechanical ability often involves collaboration, problem-solving, and shared tasks. Each agent is given a distinct personal goal that reflects their perspective and motivation while contributing to the shared goal. Their social roles further shape how they interact in pursuit of these goals.",To gain hands-on experience by assisting in practical mechanical tasks and learning from the interaction.,To share technical knowledge and demonstrate expertise while ensuring the task is completed efficiently.,"""Having mechanical ability""",Apprentice,Mentor
"{'Abbreviation': 'Knowing many others', 'Full label': '""Knowing and being on familiar terms with many others""'}",Relationship Building,"The shared goal 'Knowing and being on familiar terms with many others' aligns closely with the 'Relationship Building' category, as it involves establishing and fostering connections with others. This category is chosen because the primary aim is to create and maintain social bonds, which is central to relationship building. The first agent's personal goal is to 'Expand their social network by initiating conversations with new people', reflecting a proactive approach to meeting others. The second agent's personal goal is to 'Strengthen existing relationships while being open to new connections', indicating a balance between maintaining current bonds and forming new ones. The roles assigned—'Social Connector' for the first agent and 'Community Builder' for the second—highlight their approaches to achieving these goals within the shared context.",Expand their social network by initiating conversations with new people,Strengthen existing relationships while being open to new connections,"""Knowing and being on familiar terms with many others""",Social Connector,Community Builder
"{'Abbreviation': 'Cause', 'Full label': '""Being committed to a cause (e.g. , earth , environment , anticrime , antidrugs)""'}",Cooperation,"Given the shared goal of being committed to a cause, the most relevant social goal category is 'Cooperation' as it involves individuals working together towards a common goal. Each agent's personal goal should reflect their unique motivation within this cooperative framework. The roles assigned should complement each other to facilitate effective collaboration.",To inspire others to join the cause by sharing success stories and personal experiences.,To organize and coordinate group activities that advance the cause effectively.,"""Being committed to a cause (e.g. , earth , environment , anticrime , antidrugs)""",Motivational Speaker,Event Organizer
"{'Abbreviation': 'Being socially attractive', 'Full label': '""Being socially attractive , exciting , fascinating , impressing others""'}",3. Relationship Building,"Given the shared goal of 'Being socially attractive, exciting, fascinating, impressing others,' the most relevant social goal categories are Relationship Building (to create new social connections) and Identity Recognition (to affirm or enhance one's social identity). Relationship Building was chosen because the shared goal inherently involves attracting others, which aligns with forming new interpersonal connections. For the agents, distinct personal goals are defined to reflect their individual motivations while contributing to the shared goal. The roles assigned are intended to shape their interactions—one as a charismatic influencer seeking admiration, and the other as a social connector seeking validation.",To consistently impress others with captivating stories or achievements to gain admiration and social status.,To charm and engage others in conversations to form meaningful connections and validate their likability.,"""Being socially attractive , exciting , fascinating , impressing others""",Charismatic Influencer,Social Connector
"{'Abbreviation': 'Looking distinguished', 'Full label': '""Carrying myself well , looking distinguished""'}",Identity Recognition,"The shared goal 'Carrying myself well, looking distinguished' is closely tied to identity recognition and relationship building, as it involves presenting oneself in a certain way to others and potentially influencing social perceptions. For this scenario, we focus on 'Identity Recognition' as the primary social goal category, with agents working toward personal goals that align with their social roles and motivations.",To receive validation and admiration from others for my distinguished appearance.,To ensure my social status is reinforced by associating with others who carry themselves well.,"""Carrying myself well , looking distinguished""",Fashion Enthusiast,Socialite
