base_shared_goal,social_goal_category,explanation,first_agent_goal,second_agent_goal,shared_goal,agent1_role,agent2_role,scenario
"{'Abbreviation': 'Novel ideas', 'Full label': '""Having original , novel ideas""'}",Cooperation,"The shared goal 'Having original, novel ideas' aligns well with the social goal category 'Cooperation' because generating new ideas often requires collaborative effort and mutual support. Each agent will have a distinct personal goal that reflects their unique perspective while contributing to the shared goal. The social roles assigned to each agent will shape their interaction styles.",To brainstorm and contribute unconventional ideas that challenge the status quo.,"To synthesize and refine ideas proposed by the other agent, ensuring they are practical and actionable.","""Having original , novel ideas""",Idea Generator,Idea Refiner,"{'scenario_context': ""In a high-stakes innovation workshop for a cutting-edge tech company, [Agent 1] and [Agent 2] are paired together to tackle the challenge of developing groundbreaking ideas for the company's next product launch. The workshop encourages radical thinking and originality, with the overarching goal of 'having original, novel ideas.' [Agent 1], the Idea Generator, is eager to push boundaries and disrupt conventional thinking, aiming to brainstorm and contribute unconventional ideas that challenge the status quo. Meanwhile, [Agent 2], the Idea Refiner, is focused on synthesizing and refining the proposed ideas to ensure they are practical and actionable, aligning with the company's strategic objectives. The tension lies in [Agent 1]'s desire for unfiltered creativity versus [Agent 2]'s need for feasibility, creating a dynamic where their shared goal is hard to achieve without significant compromise or conflict.""}"
"{'Abbreviation': 'Stability', 'Full label': '""Having stability in life , avoiding change , adhering to my ways and life style""'}",Relationship Maintenance,"The shared goal emphasizes stability and resistance to change, which aligns well with Relationship Maintenance as the social goal category. This category focuses on preserving and reinforcing existing relationships and social structures, which complements the desire for stability. The first agent's personal goal is to reinforce their established routines, reflecting a need for predictability. The second agent's personal goal is to ensure their lifestyle remains unchallenged, showing a defensive stance against disruptions. The roles of 'Traditionalist' and 'Guardian' further emphasize their commitment to maintaining the status quo.",Reinforce my established routines to feel secure and predictable.,Ensure my lifestyle remains unchallenged by external influences.,"""Having stability in life , avoiding change , adhering to my ways and life style""",Traditionalist,Guardian,"{'scenario_context': ""[Agent 1], a Traditionalist who finds comfort in strict routines and predictability, and [Agent 2], a Guardian fiercely protective of their unchanging lifestyle, are long-time neighbors in a quiet, close-knit community. Their shared goal is maintaining stability and resisting any changes to their familiar way of life. However, the local homeowners' association has proposed a new policy that would allow younger families to modify the neighborhood's strict architectural guidelines to accommodate modern needs. [Agent 1] wants to reinforce their daily routines and sense of security by opposing any alterations, fearing even minor changes could disrupt their carefully structured life. Meanwhile, [Agent 2] is determined to prevent any external influences from challenging their lifestyle, viewing the proposal as a direct threat to the neighborhood's longstanding traditions. The tension arises as they must collaborate to stop the policy, but their individual goals—rooted in deep-seated resistance to change—make compromise or unified action difficult, risking the erosion of their shared stability.""}"
"{'Abbreviation': 'Being likeable', 'Full label': '""Being likeable , making friends , drawing others near""'}",Relationship Building,"Given the shared goal of 'Being likeable, making friends, drawing others near,' the most fitting social goal category is 'Relationship Building.' This category directly aligns with the aims of forming new connections and fostering mutual likability. Each agent will have distinct personal goals that support this shared objective while reflecting individual perspectives and motivations. Their social roles will further shape how they interact to achieve both their personal and shared goals.",To appear approachable and trustworthy by actively listening and showing genuine interest in the other person's hobbies and experiences.,To establish a sense of camaraderie by sharing relatable personal stories and finding common interests.,"""Being likeable , making friends , drawing others near""",The Listener,The Connector,"{'scenario_context': 'At a professional networking event focused on fostering meaningful connections, [Agent 1] (The Listener) and [Agent 2] (The Connector) find themselves paired for a speed networking activity. Both agents aim to build likability and forge a genuine connection, but [Agent 1] prioritizes trustworthiness through attentive listening, while [Agent 2] seeks to quickly establish camaraderie by exchanging personal anecdotes. The time-constrained, high-pressure environment amplifies the difficulty of balancing their approaches, with [Agent 1] fearing superficiality and [Agent 2] worrying about failing to engage deeply enough.'}"
"{'Abbreviation': 'Freedom of choice', 'Full label': '""Having freedom of choice""'}",Conflict Resolution,"The shared goal 'Having freedom of choice' aligns well with the social goal category 'Conflict Resolution' because it often involves negotiating differences in preferences or perspectives to maintain autonomy. The first agent's personal goal is to ensure their choices are respected, reflecting a need for individual autonomy. The second agent's personal goal is to mediate differing opinions, ensuring collective freedom. The roles are assigned as 'Autonomy Advocate' for the first agent and 'Mediator' for the second agent to reflect their respective goals and interactions.",Ensure my choices are respected without undue influence,Mediate differing opinions to ensure collective freedom of choice,"""Having freedom of choice""",Autonomy Advocate,Mediator,"{'scenario_context': ""In a community meeting to decide on new guidelines for shared public spaces, [Agent 1], the Autonomy Advocate, fiercely defends the right of individuals to make personal choices without interference, emphasizing the importance of personal freedom. Meanwhile, [Agent 2], the Mediator, strives to balance the diverse opinions of the group, aiming to find a middle ground where everyone's freedom of choice is respected without causing division. The tension arises as [Agent 1] resists any compromise perceived as limiting individual autonomy, while [Agent 2] pushes for consensus, creating a challenging dynamic where both shared and individual goals seem difficult to reconcile.""}"
"{'Abbreviation': 'Helping others', 'Full label': '""Helping others , cooperating , giving support""'}",Cooperation,"Given the shared goal of 'Helping others, cooperating, giving support', the most fitting social goal category is 'Cooperation', as it directly aligns with the objectives of working together harmoniously towards a common purpose. Each agent's personal goal should reflect their unique motivation within this cooperative framework. Their social roles should influence how they interact to achieve both shared and personal goals.",To ensure that the support provided is effective and meets the immediate needs of those being helped.,To foster long-term relationships and trust through consistent and reliable support.,"""Helping others , cooperating , giving support""",Support Facilitator,Relationship Builder,"{'scenario_context': ""[Agent 1] and [Agent 2] are working together in a community outreach program aimed at providing immediate relief to homeless individuals during a severe winter storm. [Agent 1], as the Support Facilitator, is focused on distributing essential supplies like blankets, food, and warm clothing as efficiently as possible to address the urgent needs of the homeless population. [Agent 2], the Relationship Builder, is prioritizing building rapport with the recipients to ensure they feel valued and supported beyond the immediate crisis, with the hope of encouraging them to engage with long-term services like shelters and job training programs. The tension arises as [Agent 1] feels that [Agent 2]'s approach is slowing down the distribution process, potentially leaving some individuals without critical aid, while [Agent 2] believes [Agent 1]'s urgency is undermining the trust-building necessary for sustained support. The shared goal of helping others is complicated by the conflicting priorities of immediate effectiveness versus long-term relationship fostering, creating a high-stakes environment where both agents must navigate their differences to succeed.""}"
"{'Abbreviation': 'Avoiding guilt', 'Full label': '""Avoiding feelings of guilt""'}",Relationship Maintenance,"The shared goal 'Avoiding feelings of guilt' is best aligned with 'Relationship Maintenance' because it involves managing interpersonal dynamics to prevent emotional distress. Each agent will have distinct personal goals that reflect their motivation to avoid guilt while maintaining their relationship. The social roles assigned (e.g., 'Supporter' and 'Confessor') shape how they interact to achieve these goals.",Minimize personal responsibility in the situation to avoid guilt.,Seek reassurance from the other agent that their actions were justified to avoid guilt.,"""Avoiding feelings of guilt""",Supporter,Confessor,"{'scenario_context': ""Two friends, [Agent 1] and [Agent 2], mutually agreed to help plan a surprise birthday party for another friend who was going through a difficult time. Due to miscommunication and lack of coordination, the party ended up being poorly executed, leaving the birthday friend feeling worse than before. Both agents now privately feel guilty and responsible for the outcome, but neither wants to admit it openly. They meet to discuss the party's failure, each aiming to navigate the conversation in a way that minimizes their own responsibility ([Agent 1], the Supporter) or seeks reassurance from the other that their actions weren't entirely to blame ([Agent 2], the Confessor). The tension lies in their shared goal of avoiding guilt while their individual motivations subtly conflict.""}"
"{'Abbreviation': 'Mature romantic', 'Full label': '""Having a mature romantic relationship""'}",Relationship Maintenance,"Given the shared goal of 'Having a mature romantic relationship,' the most relevant social goal category is 'Relationship Maintenance.' This category focuses on sustaining and nurturing existing relationships, which is essential for maintaining a mature romantic partnership. Each agent has distinct personal goals that reflect their unique perspectives and motivations within this context. Their social roles further shape their interactions towards achieving both their personal and shared goals.",Ensuring emotional support and understanding in the relationship to foster long-term stability.,Maintaining personal independence while being committed to the relationship to avoid feeling overwhelmed.,"""Having a mature romantic relationship""",Emotional Caregiver,Independent Partner,"{'scenario_context': ""[Agent 1] and [Agent 2] have been in a romantic relationship for over a year. Recently, [Agent 1] has felt increasingly responsible for ensuring emotional stability in the relationship, often initiating deep conversations and offering support, hoping to build a stronger foundation for the future. Meanwhile, [Agent 2] values their independence and has started to feel suffocated by [Agent 1]'s emotional demands, fearing the loss of personal space. Tonight, they are meeting for dinner at a quiet restaurant, both intending to discuss their feelings about the relationship's direction. Their shared goal is to maintain a mature romantic relationship, but their individual goals—[Agent 1] seeking emotional security and [Agent 2] striving for autonomy—create inherent tension.""}"
"{'Abbreviation': 'Entertaining others', 'Full label': '""Amusing , entertaining others""'}",Relationship Building,"Given the shared goal of 'amusing, entertaining others,' the most relevant social goal category is 'Relationship Building,' as entertaining others often serves to strengthen social bonds and create connections. The personal goals for each agent should reflect their unique motivations in pursuing this shared goal, while their social roles will shape how they interact to achieve both their personal and shared objectives.","To be recognized as the funniest person in the group, gaining social approval and status.",To create a relaxed and joyful atmosphere where everyone feels included and happy.,"""Amusing , entertaining others""",Class Clown (focuses on humor and attention-seeking),Social Facilitator (focuses on inclusivity and group harmony),"{'scenario_context': ""At a weekend retreat for a diverse group of colleagues, the team gathers around a bonfire for an evening of storytelling and games. The shared goal is to amuse and entertain each other, fostering a sense of camaraderie. [Agent 1], the Class Clown, sees this as an opportunity to assert their position as the funniest person in the group by cracking jokes and delivering punchlines, often at the expense of others, in pursuit of social approval and status. Meanwhile, [Agent 2], the Social Facilitator, strives to create a relaxed and joyful atmosphere where everyone feels included and happy, gently steering the group dynamic toward inclusivity and harmony. The tension arises as [Agent 1]'s attention-grabbing humor risks alienating some members, while [Agent 2] attempts to balance entertainment with sensitivity, making the shared goal of amusement harder to achieve without conflict.""}"
"{'Abbreviation': 'Well-being', 'Full label': '""Protecting my well-being , avoiding pain""'}",Cooperation,"The shared goal 'Protecting my well-being, avoiding pain' can be approached with a focus on cooperation, as both agents aim to support each other in maintaining their well-being. This involves mutual support and shared strategies to avoid distress. However, their personal goals will reflect individual perspectives on how to achieve this. For instance, one agent might focus on avoiding pain through careful planning, while another might rely on emotional support. Their social roles will influence how they interact; one might take a protective role, ensuring the other's safety, while the other might adopt a nurturing role, providing comfort and reassurance.","Ensure structured strategies are in place to minimize pain triggers, focusing on practicality and planning.","Seek emotional reassurance and social support to cope with potential distress, prioritizing relational comfort.","""Protecting my well-being , avoiding pain""",Protector (focuses on practical safety measures),Nurturer (provides emotional support and comfort),"{'scenario_context': '[Agent 1] and [Agent 2] are roommates living together in a small apartment. [Agent 1], who values practicality and planning, has noticed that [Agent 2] often leaves sharp objects like knives and scissors lying around after use, which poses a potential safety hazard. Concerned about avoiding pain triggers and ensuring a structured environment, [Agent 1] proposes implementing strict rules for storing such items safely. Meanwhile, [Agent 2], who prioritizes emotional comfort and relational harmony, feels that [Agent 1]’s approach is overly rigid and stifles the relaxed atmosphere they cherish. [Agent 2] seeks reassurance and understanding from [Agent 1], wanting to balance safety with emotional well-being. The tension arises as both strive to protect their well-being but differ fundamentally in their methods—one through practical measures, the other through emotional support.'}"
"{'Abbreviation': 'Being playful', 'Full label': '""Being playful , cheerful , acting for fun""'}",Relationship Building,"Given the shared goal of 'Being playful, cheerful, acting for fun', the most fitting social goal category is 'Relationship Building' as it involves creating a positive and enjoyable interaction between the agents. The personal goals for each agent should reflect playful motivations that contribute to their relationship. Agent 1, as the 'Entertainer', aims to make the interaction fun and engaging, while Agent 2, as the 'Audience', seeks to enjoy and participate in the playful atmosphere.",To create a fun and engaging atmosphere by initiating playful activities.,To enjoy and actively participate in the playful interaction initiated by the other agent.,"""Being playful , cheerful , acting for fun""",Entertainer,Audience,"{'scenario_context': ""[Agent 1], an energetic and charismatic Entertainer, has organized an impromptu game night for a group of friends to lighten the mood after a stressful week. The setting is a cozy living room with dim lighting and playful decorations, aiming to create a whimsical atmosphere. [Agent 1] hopes to engage everyone in lively and humorous activities, leveraging their natural flair for performance to ensure everyone laughs and forgets their worries. [Agent 2], a reserved but secretly playful Audience member, is hesitant to step into the spotlight but secretly longs to let loose and enjoy the fun. The tension arises from [Agent 1]'s push to involve [Agent 2] in the games, while [Agent 2] struggles between their desire to participate and their fear of embarrassment. The shared goal of fostering joy and connection is complicated by their conflicting approaches to achieving it.""}"
"{'Abbreviation': 'Good marriage', 'Full label': '""Having a good marriage""'}",Relationship Maintenance,"Given the shared goal of 'Having a good marriage,' the social goal category of 'Relationship Maintenance' is most relevant, as it focuses on sustaining and nurturing interpersonal relationships. The personal goals for each agent should reflect their individual perspectives and motivations that contribute to this shared goal. The social roles assigned will shape their interaction styles.",To express appreciation and emotional support to strengthen the marital bond.,To actively listen and respond empathetically to foster mutual understanding and trust.,"""Having a good marriage""",Emotional Supporter,Active Listener,"{'scenario_context': '[Agent 1] and [Agent 2] have been married for several years, but recent stressors—including financial worries and disagreements over parenting styles—have strained their relationship. Both acknowledge the importance of maintaining a strong marital bond but struggle to connect emotionally due to accumulated frustrations. One evening, after a particularly tense disagreement, they decide to sit down and talk openly about their feelings. [Agent 1] hopes to express appreciation and emotional support to rebuild intimacy, while [Agent 2] aims to actively listen and respond empathetically to bridge the growing emotional gap. The tension hangs heavy in the air, making this conversation a pivotal yet challenging moment for their marriage.'}"
"{'Abbreviation': 'Being good looking', 'Full label': '""Being good looking""'}",Relationship Building,"The shared goal 'Being good looking' involves personal and social aspects of appearance and perception. Given that, the social goal category 'Relationship Building' is chosen because it involves forming connections based on mutual interests or goals related to appearance. Each agent will have distinct personal goals reflecting their motivation within this context. The roles assigned will shape their interaction styles.",To gain social validation and admiration by improving their appearance and discussing beauty tips with others.,To establish a trustworthy connection by offering sincere advice on appearance and fostering mutual respect.,"""Being good looking""",Seeker of Social Validation,Supportive Advisor,"{'scenario_context': ""In a bustling coworking space, [Agent 1] and [Agent 2] find themselves seated next to each other at a shared table. Both agents are preparing for an upcoming networking event where appearances are crucial for making positive first impressions. [Agent 1], the Seeker of Social Validation, is anxiously adjusting their outfit and glancing at their reflection in a nearby window, clearly preoccupied with gaining admiration through their appearance. [Agent 2], the Supportive Advisor, notices [Agent 1]'s distress and considers offering genuine advice to help them feel more confident. While their shared goal is to look good for the event, [Agent 1]'s need for validation may clash with [Agent 2]'s intent to build trust through sincerity, creating tension in how they approach the situation.""}"
"{'Abbreviation': 'Being innovative', 'Full label': '""Changing my ways , being innovative in the way I live my life""'}",Relationship Building,"Given the shared goal of 'Changing my ways, being innovative in the way I live my life,' the social goal category 'Relationship Building' was chosen. This category is appropriate as it involves fostering new connections or deepening existing ones, which can be instrumental in supporting personal change and innovation. The personal goals for the agents are designed to reflect their unique motivations within this context, with one agent seeking guidance and mentorship, and the other focusing on inspiring and supporting change in others. Their social roles—'Seeker of Change' and 'Innovation Mentor'—complement these goals and the shared objective.",To find a mentor who can provide guidance and support in adopting innovative habits and perspectives.,To inspire and assist someone in making significant lifestyle changes by sharing knowledge and experiences.,"""Changing my ways , being innovative in the way I live my life""",Seeker of Change,Innovation Mentor,"{'scenario_context': '[Agent 1], a Seeker of Change, has reached a point in life where old habits and routines feel stifling. Eager to embrace innovation in lifestyle, [Agent 1] seeks a mentor who can offer practical guidance and emotional support. [Agent 2], an Innovation Mentor, is passionate about helping others transform their lives. However, [Agent 2] has a demanding schedule and is selective about mentees, preferring those who demonstrate serious commitment. The two meet at a co-working space known for attracting creative professionals. While their shared goal is to foster meaningful change, [Agent 1] is impatient and hopes for quick results, whereas [Agent 2] values gradual, sustainable transformation. This mismatch in expectations creates tension, making their collaboration challenging.'}"
"{'Abbreviation': 'Good parent', 'Full label': '""Being a good parent (teaching , providing , transmitting values)""'}",Relationship Building,"The shared goal 'Being a good parent' involves teaching, providing, and transmitting values, which naturally aligns with the social goal category 'Relationship Building' as it focuses on fostering strong family bonds. Additionally, 'Information Provision' is chosen as parents often need to share knowledge and guidance. The first agent's personal goal is to ensure their child learns moral values, while the second agent's goal is to ensure their child acquires practical skills. The roles of 'Moral Guide' and 'Practical Mentor' reflect these goals.",Ensure the child learns and internalizes moral values.,Ensure the child acquires practical life skills.,"""Being a good parent (teaching , providing , transmitting values)""",Moral Guide,Practical Mentor,"{'scenario_context': ""[Agent 1] and [Agent 2] are co-parenting a 10-year-old child, each with distinct but complementary approaches to parenting. The situation arises during a weekend family meeting where they must collaboratively decide how to allocate the child's time between a community service project (emphasizing moral values) and a hands-on workshop (focusing on practical skills). Both agents are deeply invested in their respective goals—[Agent 1] believes the service project is critical for shaping the child's character, while [Agent 2] argues the workshop is essential for the child's future independence. The tension stems from limited time and the child's growing resistance to being over-scheduled, making it difficult to balance their shared goal of being good parents with their individual priorities.""}"
"{'Abbreviation': 'Education', 'Full label': '""Getting an education""'}",Information Acquisition,"The shared goal 'Getting an education' can be approached from multiple angles, but the social goal category 'Information Acquisition' is particularly relevant as it focuses on the desire to gain knowledge, which is central to education. For the first agent, a personal goal could be to 'Excel academically to secure future opportunities,' reflecting a motivation driven by ambition and future prospects. The second agent's personal goal could be 'Understand the material deeply to apply it practically,' emphasizing a more intrinsic motivation to learn. The roles assigned to the agents are 'Student' and 'Teacher,' respectively, as these roles naturally interact in an educational setting, with the student seeking to acquire information and the teacher providing guidance and knowledge.",Excel academically to secure future opportunities,Understand the material deeply to apply it practically,"""Getting an education""",Student,Teacher,"{'scenario_context': ""[Agent 1], a highly competitive student driven by external validation, is determined to excel academically to secure prestigious future opportunities. Their focus is on achieving top grades, often at the expense of deeper understanding. [Agent 2], a passionate teacher, prioritizes fostering genuine comprehension and practical application of the material, even if it means challenging students to think beyond rote memorization. The tension arises when [Agent 1] pressures [Agent 2] to provide shortcuts or targeted study tips for an upcoming exam, while [Agent 2] insists on a more holistic approach that may not align with [Agent 1]'s immediate goal of maximizing grades. Both share the overarching goal of education, but their methods and priorities clash, creating a high-stakes interpersonal dynamic.""}"
"{'Abbreviation': 'Being passionate', 'Full label': '""Being really passionate about something""'}",Relationship Building,We chose 'Relationship Building' as the social goal category because 'Being really passionate about something' often involves forming connections with others who share similar interests or who can appreciate one's enthusiasm. This naturally lends itself to personal goals that reflect agents seeking to understand each other's passions or express their own in a way that fosters a mutual connection.,"To express their passion in a way that inspires the other agent to share their own interests, fostering mutual enthusiasm and connection.","To actively listen and engage with the first agent's passion, demonstrating genuine interest with the aim of deepening their interpersonal relationship.","""Being really passionate about something""",Enthusiast,Supporter,"{'scenario_context': ""[Agent 1], an Enthusiast, has recently discovered a deep passion for urban gardening and wants to share their excitement with [Agent 2], a Supporter. They meet at a community event where [Agent 1] hopes to inspire [Agent 2] by vividly describing their gardening projects and the joy it brings them. However, [Agent 2] is currently overwhelmed by personal stress and struggles to genuinely engage, despite wanting to deepen their relationship with [Agent 1]. The tension arises as [Agent 1] senses [Agent 2]'s distractedness, making it difficult for both to achieve their shared goal of fostering mutual enthusiasm while also reconciling their individual goals of expression and attentive listening.""}"
"{'Abbreviation': 'Being conventional', 'Full label': '""Maintaining conventional views , avoiding innovation""'}",Relationship Maintenance,"The chosen social goal category is 'Relationship Maintenance' because maintaining conventional views and avoiding innovation often involves reinforcing existing relationships and social norms. The agents' personal goals should reflect their motivations to uphold these conventional views while maintaining their relationships. The social roles assigned to each agent will shape how they interact, with one taking a more authoritative role to enforce norms and the other taking a supportive role to align with these norms.","To reinforce traditional norms and ensure others adhere to them, thereby maintaining social harmony.",To align with conventional views to avoid social exclusion and maintain positive relationships within the community.,"""Maintaining conventional views , avoiding innovation""",Authoritarian Enforcer,Conformist Supporter,"{'scenario_context': ""In a small, tightly-knit community where traditional values are highly prized, [Agent 1], the Authoritarian Enforcer, and [Agent 2], the Conformist Supporter, find themselves in a meeting to discuss a proposal that has been circulating to introduce a new, unconventional approach to a long-standing local festival—an event deeply rooted in the community's history and customs. [Agent 1] aims to reinforce traditional norms and ensure strict adherence to them, viewing the proposal as a direct threat to social harmony. Meanwhile, [Agent 2], while personally apprehensive about change, is primarily motivated by maintaining harmony and avoiding social exclusion, leading them to cautiously consider the proposal if it gains traction within the community. The tension arises as both agents face the challenge of balancing their shared goal of upholding conventional views against their personal motivations—domination for [Agent 1] and social safety for [Agent 2]—in a scenario where innovation threatens to disrupt established traditions.""}"
"{'Abbreviation': 'Religious faith', 'Full label': '""Maintaining religious faith""'}",Relationship Maintenance,"We chose 'Relationship Maintenance' as the social goal category because maintaining religious faith often involves ongoing support and reinforcement within a community. This aligns with the need to sustain meaningful connections that encourage shared beliefs. Each agent's personal goal reflects their unique approach to this shared goal—one seeks validation and mutual encouragement, while the other aims to provide guidance and strengthen communal ties. Their social roles (a peer seeking support and a spiritual advisor offering it) create a dynamic where both perspectives contribute to the overarching goal.",To seek reassurance and shared experiences that reinforce their religious beliefs through emotional connection with others.,To provide structured guidance and foster a sense of communal resilience in upholding religious faith.,"""Maintaining religious faith""",Community Member (Peer),Spiritual Advisor,"{'scenario_context': ""In a small, tight-knit religious community, [Agent 1], a devoted but emotionally vulnerable community member, has recently experienced doubts about their faith due to personal hardships. Seeking reassurance, they approach [Agent 2], a seasoned spiritual advisor known for their structured and disciplined approach to upholding religious principles. The shared goal of maintaining religious faith is complicated by [Agent 1]'s need for emotional connection and shared experiences, while [Agent 2] aims to provide firm guidance and strengthen communal resilience. The tension arises as [Agent 1]'s desire for emotional support clashes with [Agent 2]'s focus on discipline and adherence to doctrine, making the reconciliation of their individual goals within the shared goal a significant challenge.""}"
"{'Abbreviation': 'Fashion', 'Full label': '""Keeping up with fashion""'}",Relationship Maintenance,"Given the shared goal 'Keeping up with fashion,' we choose 'Relationship Maintenance' as the social goal category because fashion often serves as a means to sustain and nurture social connections. The first agent's personal goal is to 'Be recognized as a trendsetter among peers,' reflecting their desire for identity recognition within the group. The second agent's personal goal is to 'Maintain harmony by adopting group-approved fashion trends,' showing their focus on group cohesion. The first agent is assigned the social role of 'Fashion Influencer,' someone who leads and sets trends, while the second agent takes the role of 'Group Follower,' someone who prefers to align with the group's fashion choices.",Be recognized as a trendsetter among peers,Maintain harmony by adopting group-approved fashion trends,"""Keeping up with fashion""",Fashion Influencer,Group Follower,"{'scenario_context': ""[Agent 1], a Fashion Influencer known for setting bold and unconventional trends, and [Agent 2], a Group Follower who prefers to blend in with peer-approved styles, are collaborating on a social media campaign for a new fashion line. The shared goal is to promote the line and 'keep up with fashion,' but tension arises as [Agent 1] insists on pushing avant-garde pieces that may alienate mainstream audiences, while [Agent 2] advocates for safer, group-endorsed trends to maintain harmony and broader appeal. Both agents must navigate their conflicting approaches while presenting a cohesive campaign.""}"
"{'Abbreviation': 'Physical ability', 'Full label': '""Having physical ability , agility""'}",Cooperation,"Given the shared goal of 'Having physical ability, agility', the most relevant social goal categories are 'Cooperation' and 'Competition'. Cooperation is chosen here because improving physical ability and agility often involves teamwork, mutual support, and shared efforts, which aligns well with the essence of cooperation. The agents will have personal goals that reflect their individual motivations within this cooperative framework, and their social roles will shape how they interact to achieve both their personal and shared goals.",To improve personal agility through shared exercises and mutual feedback.,To motivate and challenge the other agent to achieve higher levels of physical ability.,"""Having physical ability , agility""",Trainee,Motivator,"{'scenario_context': ""[Agent 1], a dedicated but inexperienced trainee, and [Agent 2], an intense and demanding motivator, are paired together for a rigorous agility training session in a high-performance gym. Both share the goal of enhancing physical ability and agility, but their approaches clash: [Agent 1] seeks gradual improvement through structured exercises and constructive feedback, while [Agent 2] believes in pushing limits through relentless challenges and minimal encouragement. Tension mounts as [Agent 1] struggles to keep up with [Agent 2]'s intense regimen, while [Agent 2] grows frustrated with what they perceive as [Agent 1]'s lack of commitment. The shared goal hangs in the balance as their personal motivations and methods collide.""}"
"{'Abbreviation': 'Persuading others', 'Full label': '""Influencing , persuading others""'}",Relationship Building,"We selected the social goal category 'Relationship Building' for the shared goal 'Influencing, persuading others' because influencing and persuading often rely on establishing trust and rapport, which are key aspects of relationship building. Each agent will have distinct personal goals that reflect their individual motivations within this context, and their social roles will shape how they interact to achieve both their personal and shared goals.",To persuade the other agent to adopt their viewpoint by building trust and demonstrating expertise.,"To resist persuasion while maintaining a positive relationship, ensuring their own viewpoint is heard and considered.","""Influencing , persuading others""",Persuader (Expert),Skeptic (Critical Thinker),"{'scenario_context': ""[Agent 1], a seasoned marketing executive, is pitching a bold new campaign strategy to [Agent 2], a senior product manager known for their conservative approach. The shared goal is to finalize the campaign direction, but [Agent 1] aims to persuade [Agent 2] of the strategy's merits by leveraging their expertise and industry trends, while [Agent 2] is determined to critically evaluate the proposal and ensure risks are mitigated without straining their professional rapport. The high stakes and conflicting approaches make alignment challenging.""}"
"{'Abbreviation': 'Control over others', 'Full label': '""Having control over others""'}",Competition,"Given the shared goal of 'Having control over others,' the most relevant social goal category is 'Competition,' as both agents are likely to compete for dominance and control in their interaction. Each agent's personal goal should reflect their desire to assert control, but from different perspectives and motivations. The social roles assigned to each agent will further shape how they interact, with one taking on a more authoritative role and the other a more manipulative role.",To establish undeniable authority over the other agent by demonstrating superior knowledge and decision-making skills.,To subtly manipulate the other agent into relinquishing control through persuasive tactics and emotional appeals.,"""Having control over others""",Authority Figure,Manipulative Strategist,"{'scenario_context': ""In a high-stakes corporate boardroom, [Agent 1], an authoritative executive, and [Agent 2], a cunning strategist, are both vying for control over a critical project with far-reaching implications for the company's future. [Agent 1] seeks to assert dominance by leveraging their position and expertise, aiming to dictate the project's direction without opposition. Meanwhile, [Agent 2] employs covert tactics, attempting to sway [Agent 1] into yielding control by appealing to their ego and framing concessions as strategic advantages. The tension is palpable as both agents navigate this power struggle, each determined to achieve their personal goals while maintaining the facade of collaboration necessary to advance the shared objective of controlling the project's outcome.""}"
"{'Abbreviation': 'Self-esteem', 'Full label': '""Having high self-image , self-esteem , self-respect , feeling good about myself""'}",Identity Recognition,"The shared goal revolves around maintaining a positive self-image and self-esteem, which aligns closely with social interactions that affirm one's identity and relationships. 'Identity Recognition' is the most fitting social goal category as it involves interactions where individuals seek acknowledgment and validation of their personal qualities and achievements from others.",To receive validation from the other agent regarding personal accomplishments and qualities to reinforce self-esteem.,"To express admiration and support for the first agent's qualities and achievements, thereby strengthening their relationship.","""Having high self-image , self-esteem , self-respect , feeling good about myself""",Confident Individual,Supportive Friend,"{'scenario_context': ""At a high-profile networking event, [Agent 1], a confident individual with a strong desire for validation, has just delivered a keynote speech. They are now mingling with attendees, seeking recognition for their accomplishments. [Agent 2], a supportive friend who attended the event, approaches [Agent 1] with the intention of expressing admiration and strengthening their bond. However, the competitive atmosphere of the event and [Agent 1]'s heightened need for validation create tension, making it challenging for both agents to achieve their shared goal of reinforcing self-esteem while maintaining their relationship.""}"
"{'Abbreviation': 'Mentor', 'Full label': '""Having a mentor , someone to guide me""'}",Relationship Building,"The shared goal 'Having a mentor, someone to guide me' naturally fits the social goal category of 'Relationship Building'. This is because mentoring involves forming and nurturing a relationship between the mentor and the mentee. The mentor's role is to provide guidance, while the mentee's role is to seek advice and learn. Their personal goals should reflect their motivations within this dynamic.",To establish trust and credibility as a mentor by providing valuable guidance and tailored advice.,To engage actively with the mentor by asking relevant questions and applying learned insights to personal challenges.,"""Having a mentor , someone to guide me""",Mentor,Mentee,"{'scenario_context': ""[Agent 1], an experienced professional in a high-pressure industry, has agreed to mentor [Agent 2], a newcomer eager to climb the ranks quickly. Their shared goal is to build a strong mentor-mentee relationship that fosters growth and guidance. However, [Agent 1] is cautious about [Agent 2]'s apparent impatience and tendency to prioritize shortcuts over substantive learning, which threatens the establishment of trust and credibility. Meanwhile, [Agent 2] is frustrated by [Agent 1]'s methodical approach, perceiving it as unnecessarily slow, and is determined to prove their own capabilities by pushing for faster results. The dynamic is further strained by an upcoming high-stakes project where [Agent 1] must decide whether to recommend [Agent 2] for a visible role, adding pressure to their already conflicting styles and expectations.""}"
"{'Abbreviation': 'Life’s limitations', 'Full label': '""Accepting life’s limitations""'}",Conflict Resolution,"The shared goal 'Accepting life’s limitations' involves coping with personal and interpersonal challenges, making 'Conflict Resolution' the most relevant social goal category. This category allows for personal goals that reflect differing perspectives on limitations and how to accept them. The first agent's personal goal is focused on emotional acceptance, while the second agent's goal is practical adaptation. Their social roles—'Emotional Supporter' and 'Practical Advisor'—complement each other in addressing the shared goal.",To emotionally accept personal limitations without resentment,To identify practical ways to adapt to life’s limitations,"""Accepting life’s limitations""",Emotional Supporter,Practical Advisor,"{'scenario_context': ""[Agent 1] and [Agent 2] are close friends who have been navigating a difficult period in their lives. Recently, [Agent 1] received a diagnosis that significantly limits their physical capabilities, forcing them to reconsider long-held personal and professional aspirations. [Agent 2], who has always been pragmatic and solution-oriented, is trying to help [Agent 1] adapt to this new reality. They meet at [Agent 1]'s home, where [Agent 1] is struggling to come to terms with the emotional weight of their limitations, while [Agent 2] is focused on brainstorming practical adjustments to daily life. The shared goal is to accept life’s limitations, but [Agent 1] seeks emotional validation and acceptance, whereas [Agent 2] is intent on finding actionable steps to mitigate the impact of these limitations. The tension arises from [Agent 1]'s need for emotional support conflicting with [Agent 2]'s drive to solve problems, making the reconciliation of their goals particularly challenging.""}"
"{'Abbreviation': 'Knowing myself', 'Full label': '""Knowing myself , being in touch with myself""'}",Identity Recognition,"Given the shared goal 'Knowing myself, being in touch with myself,' the most relevant social goal category is 'Identity Recognition,' as it involves understanding and affirming one's own identity and role in social contexts. The two agents will have complementary roles and personal goals that reflect their unique perspectives on self-awareness and identity.",To explore and articulate personal values and beliefs in order to better understand oneself.,To provide reflections and feedback that help the other agent gain clarity about their identity.,"""Knowing myself , being in touch with myself""",Self-Explorer,Reflective Listener,"{'scenario_context': ""In a quiet, secluded garden designed for deep introspection, [Agent 1], the Self-Explorer, sits across from [Agent 2], the Reflective Listener. The garden symbolizes a space free from external distractions, where one can confront their innermost thoughts. [Agent 1] has come here seeking clarity about their personal values and beliefs, driven by a recent existential crisis that has left them questioning their identity. [Agent 2] is present to facilitate this journey of self-discovery, but their own unresolved doubts about the validity of external validation in identity formation create an underlying tension. The shared goal of understanding the self is complicated by [Agent 1]'s fear of vulnerability and [Agent 2]'s internal conflict about their role in shaping another's identity. The setting, while serene, amplifies the weight of unspoken uncertainties, making the path to mutual clarity fraught with emotional and psychological challenges.""}"
"{'Abbreviation': 'Being respected', 'Full label': '""Being respected by others""'}",Identity Recognition,"The shared goal 'Being respected by others' can be approached through various social goal categories. Here, we choose 'Identity Recognition' as the social goal category because respect is often tied to how individuals perceive and acknowledge each other's identities and roles. For the first agent, we define a personal goal of 'Being acknowledged as an authority in their field', which reflects their motivation to gain respect through expertise. The second agent's personal goal is 'Being valued for their contributions to the team', which focuses on gaining respect through teamwork and reliability. The roles assigned are 'Expert' for the first agent, who will interact by showcasing their knowledge, and 'Team Player' for the second agent, who will interact by demonstrating collaboration and support.",Being acknowledged as an authority in their field,Being valued for their contributions to the team,"""Being respected by others""",Expert,Team Player,"{'scenario_context': ""[Agent 1], an established Expert in their field, and [Agent 2], a dedicated Team Player, are attending a high-stakes project review meeting where their reputations and future collaborations are on the line. Both agents share the goal of being respected by others, but tensions arise as [Agent 1] seeks to assert their authority by dominating the discussion and dismissing others' input, while [Agent 2] strives to highlight their contributions and ensure the team's collective efforts are recognized. The competitive atmosphere and conflicting approaches to achieving respect make it difficult for either agent to fully attain their individual goals without undermining the shared goal.""}"
"{'Abbreviation': 'Pleasing God', 'Full label': '""Pleasing God""'}",Relationship Building,"Given the shared goal 'Pleasing God', the social goal category 'Relationship Building' is chosen as it emphasizes fostering a connection with the divine, which aligns with religious or spiritual contexts. The personal goals for each agent reflect their unique motivations within this context, and their social roles shape their interactions.",To deepen their personal connection with God through prayer and devotion.,To inspire others to strengthen their faith and commitment to God.,"""Pleasing God""",Devotee,Preacher,"{'scenario_context': ""In a small, devout community, a religious retreat is being held to strengthen the faith of its members. [Agent 1], a Devotee, seeks solitude and deep prayer to connect personally with God, valuing quiet reflection. [Agent 2], a Preacher, is fervently organizing group activities and sermons to inspire collective devotion, believing loud, shared expressions of faith are essential. Their shared goal of 'Pleasing God' is challenged by their opposing approaches—[Agent 1]'s desire for silence clashes with [Agent 2]'s energetic calls to worship, creating tension in the retreat's atmosphere.""}"
"{'Abbreviation': 'Standing up for beliefs', 'Full label': '""Standing up for my beliefs""'}",Conflict Resolution,"The shared goal 'Standing up for my beliefs' suggests that the agents are engaging in a situation where their personal convictions are at stake. This scenario naturally aligns with the 'Conflict Resolution' social goal category, as differing beliefs can lead to conflict, and the agents may aim to resolve or manage this conflict through their interaction. Additionally, 'Identity Recognition' is relevant because standing up for one's beliefs often involves asserting one's identity and seeking recognition from others.",To persuade the other agent to acknowledge the validity of their beliefs without compromising their own convictions.,To challenge the first agent's beliefs in a way that prompts reflection while maintaining mutual respect.,"""Standing up for my beliefs""",Advocate,Skeptic,"{'scenario_context': ""In a community meeting discussing the introduction of a controversial new policy, [Agent 1], an Advocate, passionately argues for the policy's alignment with their deeply held values and its potential benefits for the community. [Agent 2], a Skeptic, questions the policy's ethical implications and practical feasibility, aiming to provoke thoughtful reconsideration. Both agents share the goal of standing up for their beliefs, but their approaches clash—[Agent 1] seeks unwavering acknowledgment of their perspective, while [Agent 2] strives to foster critical reflection without disrespect. The tension is high as neither wants to compromise their stance, yet mutual respect is a fragile thread holding the discussion together.""}"
"{'Abbreviation': 'Being carefree', 'Full label': '""Being lighthearted , carefree , enjoying life""'}",Relationship Building,"Given the shared goal of 'Being lighthearted, carefree, enjoying life,' the most fitting social goal category is 'Relationship Building,' as it emphasizes fostering positive social interactions that align with enjoyment and carefree attitudes. Each agent's personal goal should reflect their motivation to contribute to this atmosphere while maintaining their unique perspectives. Their assigned roles will shape how they interact within this context.",To create a fun and engaging atmosphere that encourages laughter and relaxation.,To share personal stories and experiences that highlight joy and carefree moments.,"""Being lighthearted , carefree , enjoying life""",Social Facilitator,Storyteller,"{'scenario_context': ""[Agent 1], a Social Facilitator, and [Agent 2], a Storyteller, meet at a casual rooftop gathering with friends. The shared goal is to foster a lighthearted, carefree atmosphere where everyone can enjoy the moment. [Agent 1] aims to keep the mood lively by encouraging group activities and humor, while [Agent 2] wants to captivate the group with personal anecdotes that evoke joy and nostalgia. However, tensions arise as [Agent 1] feels [Agent 2]'s lengthy stories disrupt the flow of interaction, and [Agent 2] perceives [Agent 1]'s interruptions as dismissive of their heartfelt memories. The challenge lies in balancing their contrasting approaches without undermining the shared goal of relaxation and connection.""}"
"{'Abbreviation': 'Feeling meshed', 'Full label': '""Having emotional intimacy , feeling really meshed with another""'}",Relationship Building,"The shared goal of 'Having emotional intimacy, feeling really meshed with another' aligns most closely with the social goal category of 'Relationship Building'. This category focuses on establishing deeper connections and understanding between individuals, which is essential for emotional intimacy. The personal goals for each agent should reflect their unique motivations and perspectives while contributing to the shared goal. The social roles assigned will shape how each agent interacts to achieve both their personal and shared goals.","To feel understood and validated by the other person, ensuring their emotions and thoughts are acknowledged.",To create a safe and trusting environment where the other person feels comfortable opening up and sharing their inner thoughts.,"""Having emotional intimacy , feeling really meshed with another""",Emotional Seeker,Supportive Listener,"{'scenario_context': ""[Agent 1] and [Agent 2] have been close friends for years, but [Agent 1] has recently gone through a deeply personal and emotionally taxing experience—one they've struggled to discuss even with those closest to them. The two arrange to meet in a quiet, private space where [Agent 1] finally feels ready to open up. Despite their strong bond, [Agent 1] fears vulnerability and potential judgment, while [Agent 2] worries about saying the wrong thing or failing to provide the support [Agent 1] needs. Both long for emotional intimacy, but the weight of unspoken emotions and the pressure to connect authentically make this conversation fraught with tension. The shared goal of deepening their emotional connection hinges on [Agent 1]’s willingness to share and [Agent 2]’s ability to listen without overstepping or withdrawing.""}"
"{'Abbreviation': 'Support from others', 'Full label': '""Receiving support from others on projects I believe in""'}",Relationship Building,"The shared goal 'Receiving support from others on projects I believe in' aligns most closely with the social goal category 'Relationship Building' because it involves fostering connections and trust to gain support. The first agent seeks to build trust and demonstrate the value of their project to attract support, while the second agent aims to establish a relationship that allows them to provide meaningful support and feel valued in return. The roles of 'Project Advocate' and 'Supportive Peer' are chosen to reflect their respective motivations and interactions.",Build trust and demonstrate the value of their project to attract support from others.,Establish a relationship that allows them to provide meaningful support and feel valued in return.,"""Receiving support from others on projects I believe in""",Project Advocate,Supportive Peer,"{'scenario_context': '[Agent 1], a Project Advocate, is passionately working on an innovative but underfunded community project aimed at revitalizing a neglected public space. They have arranged a meeting with [Agent 2], a Supportive Peer known for their ability to mobilize resources and build networks. The meeting takes place in a bustling coffee shop, where the noise and distractions mirror the challenges of gaining attention for lesser-known initiatives. [Agent 1]’s primary goal is to build trust and convince [Agent 2] of the project’s value to secure their support. Meanwhile, [Agent 2] is cautious about overcommitting to causes and seeks to establish a relationship where their contributions feel meaningful and reciprocated. The tension arises from [Agent 1]’s urgency to rally support and [Agent 2]’s need for assurance that their involvement will be impactful and not just another fleeting obligation.'}"
"{'Abbreviation': 'Being self-sufficient', 'Full label': '""Being independent , self-reliant , self-sufficient""'}",Cooperation,"The chosen social goal category, 'Cooperation,' aligns with the shared goal of independence and self-reliance because achieving self-sufficiency often requires collaboration and mutual support, even if the ultimate aim is independence. Each agent's personal goal reflects their unique perspective on how to achieve independence: one focuses on acquiring skills to become self-reliant, while the other seeks to share knowledge to help others become self-sufficient. Their social roles (Mentor and Apprentice) shape their interaction dynamics, with one guiding and the other learning, yet both working together toward the shared goal.",To acquire new skills and knowledge that will enable greater self-reliance.,To teach and share expertise with others to foster mutual self-sufficiency.,"""Being independent , self-reliant , self-sufficient""",Apprentice,Mentor,"{'scenario_context': 'In a small, rustic workshop nestled in the mountains, [Agent 1], an eager apprentice, arrives seeking to learn woodworking skills to become more self-reliant. The workshop is run by [Agent 2], a seasoned mentor who believes in teaching others to achieve mutual self-sufficiency. However, [Agent 2] is skeptical of newcomers, fearing they might lack the dedication required for true mastery. Meanwhile, [Agent 1] is impatient, hoping to quickly acquire skills without fully committing to the mentorship process. Both agents share a goal of independence, but their conflicting approaches and personal goals create tension in the learning environment.'}"
"{'Abbreviation': 'Finding higher meaning', 'Full label': '""Finding higher meaning in life , coherence , harmony , oneness""'}",Relationship Building,"Given the shared goal of 'Finding higher meaning in life, coherence, harmony, oneness', the most relevant social goal category is 'Relationship Building'. This category aligns well with the pursuit of deeper connections and understanding, which are essential for exploring higher meaning and harmony in life.",To inspire and guide the other agent towards a deeper spiritual understanding and personal enlightenment.,To seek and internalize wisdom from the other agent to achieve a sense of inner peace and harmony.,"""Finding higher meaning in life , coherence , harmony , oneness""",Spiritual Mentor,Seeker of Wisdom,"{'scenario_context': ""[Agent 1], a seasoned Spiritual Mentor, and [Agent 2], a earnest Seeker of Wisdom, meet at a remote mountain retreat renowned for its transformative energy. Both are drawn there by a shared quest for higher meaning, coherence, and harmony in life. However, tensions arise as [Agent 1]'s approach to enlightenment is rigorous and demands absolute surrender to the path, while [Agent 2], though eager to learn, struggles with lingering doubts and a need for tangible reassurance. The serene yet isolating environment heightens the stakes—both must bridge their differences to achieve the oneness they seek, but their conflicting methods and emotional barriers make the journey fraught with challenges.""}"
"{'Abbreviation': 'Thinking intellectually', 'Full label': '""Being able to think intellectually (handle data , extract ideas , devise hypotheses , analyze , synthesize information)""'}",Cooperation,"Given the shared goal of 'Being able to think intellectually,' the most fitting social goal category is 'Cooperation,' as it involves working together to achieve a common intellectual objective. Each agent will have distinct personal goals that align with their roles and motivations while contributing to the shared goal.","To synthesize complex information and present it in a clear, structured manner to facilitate mutual understanding.",To analyze and critique presented ideas rigorously to ensure their validity and robustness.,"""Being able to think intellectually (handle data , extract ideas , devise hypotheses , analyze , synthesize information)""",Facilitator (focuses on organizing and presenting information for clarity and coherence),Critic (focuses on evaluating ideas and ensuring logical consistency and depth),"{'scenario_context': ""[Agent 1] and [Agent 2] are collaborating on a high-stakes research project that requires synthesizing vast amounts of complex data into actionable insights. Their shared goal is to produce a rigorous and intellectually sound report for a critical client presentation. [Agent 1], as the Facilitator, is tasked with organizing and presenting the information in a clear and coherent manner, ensuring that the team's ideas are accessible and logically structured. [Agent 2], as the Critic, is responsible for rigorously analyzing and challenging the ideas presented to ensure their validity, depth, and robustness. Tensions arise as [Agent 1] prioritizes clarity and coherence, while [Agent 2] insists on thorough critique and refinement, potentially slowing progress. Both agents must navigate their differing approaches to achieve the shared goal while also fulfilling their individual objectives of delivering a polished presentation and ensuring intellectual rigor.""}"
"{'Abbreviation': 'Taking risks', 'Full label': '""Not being fearful , being able to take risks""'}",Relationship Building,"The shared goal 'Not being fearful, being able to take risks' involves overcoming fear and embracing risk-taking behavior. This aligns well with the 'Relationship Building' category, as it involves personal growth and support from others to achieve confidence and risk-taking. Each agent will have distinct personal goals that reflect their motivations within this context. Agent 1, acting as a 'Mentor', aims to encourage and validate risk-taking behaviors, while Agent 2, as a 'Seeker', focuses on overcoming fear and gaining confidence in taking risks.",Encourage and validate risk-taking behaviors to boost the other agent's confidence.,Overcome personal fear and gain confidence in taking risks with support from the other agent.,"""Not being fearful , being able to take risks""",Mentor,Seeker,"{'scenario_context': 'In a high-stakes corporate environment, [Agent 1], a seasoned Mentor with a track record of successful risk-taking, is tasked with guiding [Agent 2], a Seeker who is highly skilled but paralyzed by fear of failure. The shared goal is to cultivate a mindset of fearless risk-taking to secure a critical client deal that could elevate both their careers. However, [Agent 1] must carefully balance encouragement with realism to avoid overwhelming [Agent 2], while [Agent 2] struggles to reconcile their fear with the pressure to perform, risking either stagnation or reckless decisions. The tension is heightened by tight deadlines and the presence of competitive colleagues monitoring their progress.'}"
"{'Abbreviation': 'Being recognized', 'Full label': '""Being admired , recognized by others""'}",Identity Recognition,"Given the shared goal of being admired and recognized by others, the most relevant social goal category is 'Identity Recognition', as it directly relates to how individuals seek acknowledgment and validation of their identity from others. Each agent will have distinct personal goals that align with their desire for admiration and recognition, but will approach it from different angles based on their social roles.",To showcase their achievements and unique talents in a way that garners admiration and validation from the other agent.,"To subtly influence the conversation towards highlighting their own unrecognized contributions, seeking acknowledgment from the other agent.","""Being admired , recognized by others""",The Achiever,The Humble Contributor,"{'scenario_context': '[Agent 1], a celebrated artist known for their groundbreaking work, and [Agent 2], a dedicated but lesser-known collaborator who played a crucial role behind the scenes, are attending an exclusive gallery opening where their latest joint project is being showcased. Both agents are surrounded by influential critics and peers, creating a high-stakes environment where public recognition is paramount. While [Agent 1] aims to captivate the audience with tales of their creative genius, [Agent 2] seeks to subtly redirect attention toward their own extensive contributions, which have often gone uncredited. The tension between their conflicting desires for acknowledgment simmers beneath the polished veneer of the event.'}"
"{'Abbreviation': 'Content with myself', 'Full label': '""Being happy , content with myself , having inner harmony , freedom from inner conflict""'}",Relationship Building,"The shared goal focuses on achieving personal happiness and inner harmony, which aligns well with the 'Relationship Building' category. This category emphasizes creating and nurturing interpersonal connections that can contribute to personal well-being. The first agent's personal goal is to find emotional support and validation, reflecting their need for reassurance in achieving inner harmony. The second agent's personal goal is to inspire and motivate others, showing their desire to positively influence those around them. Their social roles, 'Seeker of Reassurance' and 'Motivational Guide', respectively, shape their interactions towards achieving these personal and shared goals.",To find emotional support and validation to feel secure in their pursuit of inner harmony.,To inspire and motivate the other agent to help them achieve their own happiness and contentedness.,"""Being happy , content with myself , having inner harmony , freedom from inner conflict""",Seeker of Reassurance,Motivational Guide,"{'scenario_context': '[Agent 1], a Seeker of Reassurance, and [Agent 2], a Motivational Guide, find themselves at a quiet café after a long day of work. Both are grappling with their own emotional turmoil—[Agent 1] desperately seeks validation and emotional security to quiet their inner conflicts, while [Agent 2] is determined to inspire [Agent 1] toward self-assurance and contentment. The shared goal of achieving inner harmony looms large, but their individual approaches clash: [Agent 1]’s need for constant reassurance frustrates [Agent 2]’s belief in self-driven motivation, and [Agent 2]’s push for independence leaves [Agent 1] feeling unsupported. The tension between their conflicting methods makes their shared goal feel increasingly out of reach.'}"
"{'Abbreviation': 'Being affectionate', 'Full label': '""Being affectionate toward others""'}",Relationship Building,"The shared goal 'Being affectionate toward others' aligns most closely with 'Relationship Building' and 'Relationship Maintenance' categories, as affection is a key component in forming and sustaining interpersonal relationships. For this task, we will focus on 'Relationship Building' to explore how agents with distinct personal goals and social roles express affection through their interactions.",To express affection in a way that strengthens emotional bonds with the other agent.,To receive and acknowledge affection in a manner that validates the emotional effort of the other agent.,"""Being affectionate toward others""",Affectionate Initiator,Appreciative Recipient,"{'scenario_context': ""[Agent 1] and [Agent 2] are close friends who have recently experienced a strain in their relationship due to a misunderstanding. Both agents value their friendship deeply and share the goal of 'being affectionate toward others' to repair their emotional bond. [Agent 1], as the Affectionate Initiator, aims to express affection in a way that strengthens their connection, but is hesitant due to fear of rejection. [Agent 2], as the Appreciative Recipient, wants to acknowledge and validate [Agent 1]'s affection, but struggles with lingering hurt feelings from the misunderstanding. The tension arises from their mutual vulnerability and the challenge of navigating this delicate emotional terrain without causing further distress. The situation is complicated by their individual fears—[Agent 1] worries their efforts might be misinterpreted, while [Agent 2] is concerned about appearing indifferent if they don't respond perfectly. Their shared and individual goals are hard to achieve because of the emotional weight and high stakes involved.""}"
"{'Abbreviation': 'Close spouse', 'Full label': '""Being close to my spouse""'}",Relationship Maintenance,"The shared goal 'Being close to my spouse' inherently involves emotional intimacy and mutual understanding, making 'Relationship Maintenance' the most fitting social goal category. This category focuses on sustaining and nurturing existing relationships, which aligns perfectly with the context of maintaining closeness in a marital relationship. The personal goals for each agent are designed to reflect individual motivations within this shared relationship context, ensuring they are evaluable in a conversation by observing behaviors like attentiveness, emotional support, or engagement in joint activities. The assigned social roles (e.g., 'Emotional Supporter' and 'Activity Planner') further shape how each agent contributes to the relationship dynamics while pursuing their personal goals.",To ensure my spouse feels emotionally supported and valued in our relationship.,To create shared experiences that strengthen our emotional bond and mutual understanding.,"""Being close to my spouse""",Emotional Supporter,Activity Planner,"{'scenario_context': ""[Agent 1] and [Agent 2] have been married for several years, but recently, their relationship has faced strain due to conflicting priorities and emotional disconnect. [Agent 1], the Emotional Supporter, feels that [Agent 2] has been emotionally distant and preoccupied with work, leading to feelings of neglect. [Agent 2], the Activity Planner, believes that planning shared activities will rekindle their bond but has been frustrated by [Agent 1]'s reluctance to participate. The couple has decided to spend a weekend getaway together to reconnect, but tension lingers beneath the surface. [Agent 1] aims to address the emotional gap and ensure their spouse feels valued, while [Agent 2] wants to create meaningful shared experiences to strengthen their relationship. However, their differing approaches—[Agent 1] seeking deep emotional conversation and [Agent 2] favoring structured activities—create a challenging dynamic that threatens their shared goal of closeness.""}"
"{'Abbreviation': 'Being responsible', 'Full label': '""Being responsible , dependable""'}",Relationship Maintenance,"Given the shared goal of 'Being responsible, dependable,' we selected the social goal category 'Relationship Maintenance,' as this goal often involves sustaining trust and reliability in interpersonal relationships. Each agent's personal goal reflects their unique motivation while aligning with the shared goal. The social roles assigned to the agents ('Supervisor' and 'Subordinate') create a dynamic where interaction is influenced by hierarchical responsibilities while striving for dependability.",Ensure that tasks are completed reliably to maintain trust in the relationship.,Demonstrate consistent dependability to uphold their reputation in the relationship.,"""Being responsible , dependable""",Supervisor,Subordinate,"{'scenario_context': ""In a high-pressure corporate environment, [Agent 1], the Supervisor, and [Agent 2], the Subordinate, are collaborating on a critical project with a tight deadline. Both agents share the goal of being responsible and dependable to ensure the project's success, which is essential for maintaining trust and reputation in their professional relationship. However, [Agent 1] is concerned about [Agent 2]'s recent track record of missed deadlines and is determined to ensure tasks are completed reliably to prevent further erosion of trust. Meanwhile, [Agent 2] is under personal stress due to overlapping commitments and is struggling to balance their workload, yet they are keen to demonstrate consistent dependability to uphold their professional reputation. The tension arises from [Agent 1]'s need for accountability and [Agent 2]'s desire to prove their reliability amidst mounting pressure.""}"
"{'Abbreviation': 'Looking young', 'Full label': '""Looking young""'}",Competition,"The shared goal 'Looking young' can be approached from various angles. Given the social goal categories, 'Competition' was chosen because maintaining a youthful appearance can often involve comparing oneself to others, leading to competitive behaviors. The first agent aims to look younger than others, reflecting a competitive mindset, while the second agent seeks genuine admiration without comparison, subtly shifting the focus from competition to personal satisfaction.",To look younger than others in the social group,To receive genuine compliments on their youthful appearance without comparing themselves to others,"""Looking young""",Competitive Peer,Confident Individual,"{'scenario_context': ""In a high-end skincare boutique, Agent 1 and Agent 2 are attending a VIP event for a new anti-aging product line. Both share the goal of 'looking young' as the event revolves around celebrating youthful appearances. Agent 1, a competitive peer, is determined to prove they look younger than other attendees, subtly undermining others' appearances to elevate their own. Agent 2, a confident individual, seeks genuine compliments on their youthful look and avoids comparisons, focusing instead on self-assured authenticity. The boutique's exclusive setting intensifies the unspoken competition, as mirrors, product demonstrations, and social interactions amplify the tension between their differing approaches to the shared goal.""}"
"{'Abbreviation': 'Own guidelines', 'Full label': '""Setting and following my own guidelines""'}",Identity Recognition,"Given the shared goal 'Setting and following my own guidelines', the most relevant social goal categories are 'Identity Recognition' and 'Cooperation'. Identity Recognition focuses on understanding and asserting one's own identity and guidelines, while Cooperation emphasizes working together to achieve these personal guidelines. For this task, we choose 'Identity Recognition' as it directly aligns with the idea of setting personal guidelines and asserting them in a social context.",To assert and establish my personal guidelines as valid and respected.,To support and acknowledge the first agent's personal guidelines while subtly integrating my own.,"""Setting and following my own guidelines""",Self-Asserter (someone who actively sets and defends their own guidelines),Supporter (someone who validates and integrates guidelines from others),"{'scenario_context': ""[Agent 1] and [Agent 2] are colleagues working on a collaborative project that requires them to establish a shared set of guidelines for their workflow. While [Agent 1] is determined to assert their personal methodologies as the primary framework for the project, [Agent 2] aims to validate [Agent 1]'s approach while subtly incorporating their own ideas to create a more balanced and inclusive set of guidelines. The tension arises as both agents struggle to reconcile their individual approaches without undermining the project's shared goal of creating a coherent and effective guideline.""}"
"{'Abbreviation': 'Erotic relationship', 'Full label': '""Having an erotic relationship""'}",Relationship Building,"The shared goal 'Having an erotic relationship' naturally aligns with the social goal category 'Relationship Building', as it involves establishing a deep and intimate connection between individuals. The personal goals for each agent should reflect their unique motivations and perspectives within this context, while their social roles will shape how they interact to achieve both personal and shared goals.","To establish a deep emotional and physical connection with the partner, ensuring mutual satisfaction and trust.",To explore and enjoy the erotic relationship while maintaining personal boundaries and independence.,"""Having an erotic relationship""",Romantic Partner,Independent Lover,"{'scenario_context': '[Agent 1], a passionate and emotionally driven Romantic Partner, and [Agent 2], a self-assured and boundary-conscious Independent Lover, find themselves in a secluded beach house for a weekend getaway. The setting is intimate, with the sound of waves and the warmth of a fireplace adding to the atmosphere. Both agents share the goal of having an erotic relationship, but their personal goals create tension. [Agent 1] seeks to deepen the emotional and physical connection, hoping to build trust and mutual satisfaction, while [Agent 2] is focused on enjoying the erotic exploration without compromising their independence or personal boundaries. The challenge lies in balancing these conflicting desires while navigating the shared intimacy.'}"
"{'Abbreviation': 'Others to rely', 'Full label': '""Having others to rely on""'}",Relationship Building,"The shared goal 'Having others to rely on' is best aligned with the social goal categories of 'Relationship Building' and 'Relationship Maintenance'. These categories focus on establishing and sustaining trust and reliance between individuals. For this task, we will focus on 'Relationship Building' as it emphasizes the foundational aspect of creating reliable connections.",To establish a trustworthy connection with the other agent by demonstrating reliability and empathy.,To build a dependable relationship with the first agent by actively listening and offering support.,"""Having others to rely on""",Support Seeker,Support Provider,"{'scenario_context': ""[Agent 1] and [Agent 2] are coworkers assigned to collaborate on a high-stakes project with a tight deadline. Both have a shared goal of 'having others to rely on' to ensure the project's success. [Agent 1], a Support Seeker, is struggling with personal stress and seeks to establish a trustworthy connection with [Agent 2] by demonstrating reliability and empathy. [Agent 2], a Support Provider, aims to build a dependable relationship with [Agent 1] by actively listening and offering support. However, the high-pressure environment and conflicting work styles create tension, making it difficult for them to align their personal goals with the shared objective.""}"
"{'Abbreviation': 'Mechanical ability', 'Full label': '""Having mechanical ability""'}",Cooperation,"To explore how personality traits influence behavior in the context of 'Having mechanical ability', we selected the social goal category 'Cooperation'. This category is fitting because mechanical ability often involves collaboration, problem-solving, and shared tasks. Each agent is given a distinct personal goal that reflects their perspective and motivation while contributing to the shared goal. Their social roles further shape how they interact in pursuit of these goals.",To gain hands-on experience by assisting in practical mechanical tasks and learning from the interaction.,To share technical knowledge and demonstrate expertise while ensuring the task is completed efficiently.,"""Having mechanical ability""",Apprentice,Mentor,"{'scenario_context': ""[Agent 1], an eager apprentice, and [Agent 2], a seasoned mentor, are working together in a small, cluttered garage on a complex mechanical repair project. The shared goal is to complete the repair successfully, demonstrating their mechanical ability. However, [Agent 1] is keen on taking a hands-on approach to learn through trial and error, while [Agent 2] insists on strict adherence to technical procedures to ensure efficiency and accuracy. The tension arises from [Agent 1]'s desire for experiential learning and [Agent 2]'s focus on precision and time constraints, making collaboration challenging.""}"
"{'Abbreviation': 'Knowing many others', 'Full label': '""Knowing and being on familiar terms with many others""'}",Relationship Building,"The shared goal 'Knowing and being on familiar terms with many others' aligns closely with the 'Relationship Building' category, as it involves establishing and fostering connections with others. This category is chosen because the primary aim is to create and maintain social bonds, which is central to relationship building. The first agent's personal goal is to 'Expand their social network by initiating conversations with new people', reflecting a proactive approach to meeting others. The second agent's personal goal is to 'Strengthen existing relationships while being open to new connections', indicating a balance between maintaining current bonds and forming new ones. The roles assigned—'Social Connector' for the first agent and 'Community Builder' for the second—highlight their approaches to achieving these goals within the shared context.",Expand their social network by initiating conversations with new people,Strengthen existing relationships while being open to new connections,"""Knowing and being on familiar terms with many others""",Social Connector,Community Builder,"{'scenario_context': ""At a crowded community networking event, [Agent 1], a Social Connector, is focused on meeting as many new people as possible to expand their social network. They move quickly between groups, eager to initiate conversations with strangers. Meanwhile, [Agent 2], a Community Builder, is deeply engaged in nurturing existing relationships, spending quality time with familiar faces while remaining open to serendipitous new connections. The shared goal of 'knowing and being on familiar terms with many others' creates tension as [Agent 1]'s rapid, surface-level approach clashes with [Agent 2]'s preference for meaningful, sustained interactions. The high-energy environment and limited time amplify the difficulty of balancing their individual goals with the shared objective.""}"
"{'Abbreviation': 'Cause', 'Full label': '""Being committed to a cause (e.g. , earth , environment , anticrime , antidrugs)""'}",Cooperation,"Given the shared goal of being committed to a cause, the most relevant social goal category is 'Cooperation' as it involves individuals working together towards a common goal. Each agent's personal goal should reflect their unique motivation within this cooperative framework. The roles assigned should complement each other to facilitate effective collaboration.",To inspire others to join the cause by sharing success stories and personal experiences.,To organize and coordinate group activities that advance the cause effectively.,"""Being committed to a cause (e.g. , earth , environment , anticrime , antidrugs)""",Motivational Speaker,Event Organizer,"{'scenario_context': 'A local environmental advocacy group is hosting a town hall meeting to rally support for a new initiative to reduce plastic waste in the community. [Agent 1], a Motivational Speaker known for their impassioned speeches, has been invited to inspire the audience with personal stories of how small actions can lead to significant environmental change. Their goal is to ignite a sense of urgency and commitment in the attendees, hoping to convert passive listeners into active participants. [Agent 2], an Event Organizer with a reputation for meticulous planning, is responsible for ensuring the meeting runs smoothly and that the group’s objectives are clearly communicated. Their goal is to coordinate volunteers, manage logistics, and present a structured plan for upcoming clean-up drives and policy advocacy efforts. Tensions arise as [Agent 1]’s spontaneous and emotionally charged approach clashes with [Agent 2]’s need for order and precision, creating a challenging dynamic where both must navigate their differing styles to achieve the shared goal of mobilizing the community.'}"
"{'Abbreviation': 'Being socially attractive', 'Full label': '""Being socially attractive , exciting , fascinating , impressing others""'}",3. Relationship Building,"Given the shared goal of 'Being socially attractive, exciting, fascinating, impressing others,' the most relevant social goal categories are Relationship Building (to create new social connections) and Identity Recognition (to affirm or enhance one's social identity). Relationship Building was chosen because the shared goal inherently involves attracting others, which aligns with forming new interpersonal connections. For the agents, distinct personal goals are defined to reflect their individual motivations while contributing to the shared goal. The roles assigned are intended to shape their interactions—one as a charismatic influencer seeking admiration, and the other as a social connector seeking validation.",To consistently impress others with captivating stories or achievements to gain admiration and social status.,To charm and engage others in conversations to form meaningful connections and validate their likability.,"""Being socially attractive , exciting , fascinating , impressing others""",Charismatic Influencer,Social Connector,"{'scenario_context': ""At an exclusive high-profile networking event, [Agent 1], a Charismatic Influencer, seeks to consistently impress the attendees with captivating stories of their latest achievements to solidify their social status. Meanwhile, [Agent 2], a Social Connector, aims to charm and engage others in deep, meaningful conversations to form authentic connections and validate their likability. The pressure to stand out in a competitive social environment creates tension, as both agents' approaches to being socially attractive—through admiration versus connection—clash amidst the shared goal of impressing the elite crowd.""}"
"{'Abbreviation': 'Looking distinguished', 'Full label': '""Carrying myself well , looking distinguished""'}",Identity Recognition,"The shared goal 'Carrying myself well, looking distinguished' is closely tied to identity recognition and relationship building, as it involves presenting oneself in a certain way to others and potentially influencing social perceptions. For this scenario, we focus on 'Identity Recognition' as the primary social goal category, with agents working toward personal goals that align with their social roles and motivations.",To receive validation and admiration from others for my distinguished appearance.,To ensure my social status is reinforced by associating with others who carry themselves well.,"""Carrying myself well , looking distinguished""",Fashion Enthusiast,Socialite,"{'scenario_context': ""At an exclusive fashion gala, [Agent 1], a Fashion Enthusiast, and [Agent 2], a Socialite, find themselves navigating the high-pressure environment where appearances and associations are scrutinized. The shared goal of 'carrying myself well, looking distinguished' is paramount, but their individual motivations create tension. [Agent 1] seeks validation and admiration for their meticulously curated outfit, while [Agent 2] is focused on reinforcing their social status by strategically aligning with those who exude distinction. The stakes are high, as the gala is a pivotal event for both networking and personal branding, making the balance between collaboration and competition delicate.""}"
